Entity,Code,Year,70+ years old (deaths),15-49 years old (deaths),50-69 years old (deaths)
Afghanistan,AFG,1990,1246.23802962,2053.6850696,3497.16064064
Afghanistan,AFG,1995,1974.93562461,3094.63054059,5519.81076128
Afghanistan,AFG,2000,2429.37135308,3757.90301376,6799.48099842
Afghanistan,AFG,2005,2848.21381088,4537.789004,8483.81598364
Afghanistan,AFG,2006,2951.94080649,4653.88086312,8730.74927065
Afghanistan,AFG,2010,3306.43059361,4953.97542297,9416.09661339
Afghanistan,AFG,2016,4057.74507457,5888.61194124,11005.5586387
Albania,ALB,1990,1118.9525199,195.664902711,976.85229887
Albania,ALB,1995,1210.30791961,207.313356471,1059.08829791
Albania,ALB,2000,1471.49169463,288.469208569,1164.87276189
Albania,ALB,2005,1741.6601832,322.954361836,1245.85332777
Albania,ALB,2006,1766.5722549,316.244854152,1234.56272223
Albania,ALB,2010,1899.23234531,269.06293695,1216.7386104
Albania,ALB,2016,2063.99200717,215.044222168,1358.92614434
Algeria,DZA,1990,3007.50542829,1406.60875396,4198.14928536
Algeria,DZA,1995,3266.61919717,1525.46624771,4310.90923612
Algeria,DZA,2000,3429.76605919,1557.67419482,4250.89984689
Algeria,DZA,2005,3707.66344163,1460.47917992,4263.11374651
Algeria,DZA,2006,3707.05715132,1423.90116995,4223.52559424
Algeria,DZA,2010,3836.88156171,1362.39068445,4281.34159723
Algeria,DZA,2016,3618.4256422,1502.68344598,4954.45235327
American Samoa,ASM,1990,10.5173821773,7.59324204851,16.4224017694
American Samoa,ASM,1995,10.4689348209,8.51129958881,17.7080687439
American Samoa,ASM,2000,10.0047987383,8.86838738862,18.0037214696
American Samoa,ASM,2005,9.91864644685,10.1714328774,19.8896318809
American Samoa,ASM,2006,9.79766076384,10.2584522304,19.9258979801
American Samoa,ASM,2010,9.58740729744,11.0926064511,20.6769167954
American Samoa,ASM,2016,10.422241656,13.7560768011,24.0682925754
Andean Latin America,,1990,4173.62291093,1860.23060852,4058.0657572
Andean Latin America,,1995,5260.81454646,2014.12838617,4477.79928693
Andean Latin America,,2000,5437.71445153,1709.9491558,3976.15248551
Andean Latin America,,2005,6236.54457983,1603.24427997,3867.0455612
Andean Latin America,,2006,6368.52296989,1575.97996005,3783.07097887
Andean Latin America,,2010,7271.3652407,1599.82509023,4042.2175577
Andean Latin America,,2016,8187.02052562,1369.31286723,4135.42692325
Andorra,AND,1990,31.6927395847,3.03999243366,21.4471862429
Andorra,AND,1995,37.8460078848,3.36774162497,23.0340503746
Andorra,AND,2000,37.3157638288,2.84226354003,20.1528747417
Andorra,AND,2005,47.0315449893,3.01017330906,22.2365270526
Andorra,AND,2006,49.0125654538,3.02635801436,22.5821175987
Andorra,AND,2010,57.0047424058,3.08248425633,23.8374744751
Andorra,AND,2016,67.1737887876,3.18921521446,25.44112292
Angola,AGO,1990,640.881484008,747.731210009,1701.45662569
Angola,AGO,1995,740.517454585,841.451490648,1877.57987625
Angola,AGO,2000,807.986014419,853.861503326,1844.58012197
Angola,AGO,2005,905.014284253,913.789080208,1967.50207337
Angola,AGO,2006,931.721820974,933.759824762,2005.91354857
Angola,AGO,2010,1033.45992672,1022.65283806,2207.75178402
Angola,AGO,2016,1243.51612072,1238.36215562,2727.65649621
Antigua and Barbuda,ATG,1990,4.92239017119,1.33534701135,5.39170530345
Antigua and Barbuda,ATG,1995,4.14635560002,1.36903329311,5.63016701004
Antigua and Barbuda,ATG,2000,4.27124524514,1.39877052409,5.37326513424
Antigua and Barbuda,ATG,2005,3.56382344633,1.65168188221,4.76675182044
Antigua and Barbuda,ATG,2006,3.66350767335,1.61843207072,4.84565031952
Antigua and Barbuda,ATG,2010,3.36717950649,1.60106662344,5.06495434405
Antigua and Barbuda,ATG,2016,3.49572263429,1.62799621262,6.35274507672
Argentina,ARG,1990,14844.9480225,4856.06429312,19677.2119569
Argentina,ARG,1995,16323.3898737,4610.19186567,18919.1611797
Argentina,ARG,2000,19235.6127129,4197.83076795,18439.2588683
Argentina,ARG,2005,20361.1981898,3594.65570799,18394.123677
Argentina,ARG,2006,20504.061873,3497.09246033,18396.2619444
Argentina,ARG,2010,21261.4141894,3217.80064593,18580.0389931
Argentina,ARG,2016,22331.4340845,2995.00001278,18364.5099219
Armenia,ARM,1990,994.788067234,481.200269421,2533.97667769
Armenia,ARM,1995,1131.53676964,651.808656454,3076.02980047
Armenia,ARM,2000,1654.27663554,575.685292624,2331.81679841
Armenia,ARM,2005,2086.81828514,595.32929691,2250.82486783
Armenia,ARM,2006,2237.02389465,602.02080557,2259.52676093
Armenia,ARM,2010,2382.19261537,501.868111522,2020.76312493
Armenia,ARM,2016,1769.19372665,320.955504089,2256.04517617
Australasia,,1990,13822.8232982,1353.74594102,10365.8102563
Australasia,,1995,14736.5718938,1260.81417717,8692.3310864
Australasia,,2000,14819.0016268,1183.33806283,7224.43820066
Australasia,,2005,14462.4163703,1104.47354848,6711.69635902
Australasia,,2006,14682.2591866,1085.89015054,6729.69820346
Australasia,,2010,15539.8664852,1006.31349738,6859.21354921
Australasia,,2016,17298.4715028,873.009141898,7552.14460044
Australia,AUS,1990,11184.6128144,1089.46157843,8399.23562673
Australia,AUS,1995,12002.8151035,1015.58729851,6994.64677457
Australia,AUS,2000,12139.1092241,951.878766976,5801.45054688
Australia,AUS,2005,11859.322991,875.316524268,5398.46358714
Australia,AUS,2006,12048.2003608,863.856052426,5404.01059799
Australia,AUS,2010,12880.8859788,807.24451953,5573.57966551
Australia,AUS,2016,14383.6278138,710.545605762,6172.56744169
Austria,AUT,1990,5902.90933461,757.433910153,4512.83172916
Austria,AUT,1995,5720.27569023,718.937616048,4208.07006021
Austria,AUT,2000,5736.14182676,644.927529802,3778.42389467
Austria,AUT,2005,5266.62369687,536.864391116,3665.15947575
Austria,AUT,2006,5159.64002323,520.111048589,3686.11561977
Austria,AUT,2010,5080.36997759,473.998240192,3761.32690471
Austria,AUT,2016,5689.2887366,362.674490542,3636.43745652
Azerbaijan,AZE,1990,1234.53429697,1035.84095242,3699.84604586
Azerbaijan,AZE,1995,1047.43230167,1544.20000008,4343.94795625
Azerbaijan,AZE,2000,1483.8724228,1531.68456447,3899.99569875
Azerbaijan,AZE,2005,2068.51998162,1858.71858109,3703.50851252
Azerbaijan,AZE,2006,2231.61443097,1831.39148022,3766.92643516
Azerbaijan,AZE,2010,2745.4248769,1690.49357234,4256.74077506
Azerbaijan,AZE,2016,2370.39118612,1540.95030819,5518.2462705
Bahamas,BHS,1990,24.733254486,24.8891732489,48.5276163271
Bahamas,BHS,1995,29.0275179203,27.0479631773,53.3208896163
Bahamas,BHS,2000,33.0611307581,21.925451966,54.7615637765
Bahamas,BHS,2005,35.5584109053,28.0715277361,58.7371950347
Bahamas,BHS,2006,35.4998734002,26.2853103379,56.9223965853
Bahamas,BHS,2010,39.1624559389,30.5984562086,61.0001202074
Bahamas,BHS,2016,50.3277238686,29.4052511923,76.5135379161
Bahrain,BHR,1990,99.6689159628,45.5157242198,135.695201364
Bahrain,BHR,1995,115.719484194,47.0320542373,125.338955922
Bahrain,BHR,2000,103.018989622,53.7505929144,109.531453155
Bahrain,BHR,2005,109.621496753,47.4502879896,99.3184948269
Bahrain,BHR,2006,110.681008163,46.7964332413,100.677134129
Bahrain,BHR,2010,108.329365327,42.4934652722,104.689297404
Bahrain,BHR,2016,118.942701004,45.2312549114,122.612700973
Bangladesh,BGD,1990,25337.7880656,14903.8101747,42413.9930878
Bangladesh,BGD,1995,29048.0830195,14683.2890448,43082.6276804
Bangladesh,BGD,2000,34255.7085346,15377.7980011,41015.3006089
Bangladesh,BGD,2005,34981.9195767,17681.4682948,37272.3977458
Bangladesh,BGD,2006,37363.6099544,18558.6238054,37836.1956145
Bangladesh,BGD,2010,46996.3380536,20894.0751957,40641.9626379
Bangladesh,BGD,2016,67564.8803118,24590.4545097,53461.7877672
Barbados,BRB,1990,37.91767435,10.020459356,23.6270408457
Barbados,BRB,1995,40.8317485422,11.2641155005,24.9867661135
Barbados,BRB,2000,35.1161236661,10.0645918786,22.6447079442
Barbados,BRB,2005,31.2677575469,10.4243742126,22.777278748
Barbados,BRB,2006,31.1826587977,10.3999548531,23.1717582918
Barbados,BRB,2010,27.8399273784,10.0231632009,25.5368363191
Barbados,BRB,2016,32.7181705706,9.15600777494,31.285828946
Belarus,BLR,1990,5214.28748321,1916.48368324,10540.3618606
Belarus,BLR,1995,6277.01018774,3094.1368013,13684.6928672
Belarus,BLR,2000,7216.97832328,3237.1820559,12700.4806175
Belarus,BLR,2005,7025.37875041,3439.04058881,12275.5046203
Belarus,BLR,2006,6834.67903224,3212.53888346,11642.5655712
Belarus,BLR,2010,6453.55903024,2614.5380934,10787.2864465
Belarus,BLR,2016,4589.28359616,1616.20149286,9686.94052487
Belgium,BEL,1990,11062.341822,1034.72828857,8133.26357251
Belgium,BEL,1995,11951.3325149,1094.45170902,7351.49692042
Belgium,BEL,2000,11803.4432117,1005.63723091,6547.38477096
Belgium,BEL,2005,11346.5154569,861.073907277,6013.2457883
Belgium,BEL,2006,11146.9013579,825.978029911,5952.00383866
Belgium,BEL,2010,11288.337587,697.293488105,6225.0837525
Belgium,BEL,2016,11241.5330502,528.050456554,6341.32277997
Belize,BLZ,1990,18.1967838275,6.62690874933,21.6679091263
Belize,BLZ,1995,28.570458569,9.78370463532,32.4836688623
Belize,BLZ,2000,37.3269390858,13.6465277879,38.8684415694
Belize,BLZ,2005,35.6478776011,14.2486255733,37.7984223626
Belize,BLZ,2006,35.5262324971,14.2831517041,39.0586242483
Belize,BLZ,2010,36.4006966194,15.1690739244,47.8671577728
Belize,BLZ,2016,41.2847963147,17.6507548946,63.1879356861
Benin,BEN,1990,333.835737459,219.491788317,538.582180167
Benin,BEN,1995,364.319623844,274.408822195,628.238517233
Benin,BEN,2000,395.68019456,339.978194012,735.505496178
Benin,BEN,2005,444.899554156,389.513560633,873.75926372
Benin,BEN,2006,459.90700066,398.22594898,907.621168743
Benin,BEN,2010,549.718960576,444.865936924,1090.94928614
Benin,BEN,2016,674.205800826,482.006201786,1274.59736843
Bermuda,BMU,1990,28.8581941292,7.53968672737,29.7063916169
Bermuda,BMU,1995,32.1661153977,6.71161640575,27.8959652356
Bermuda,BMU,2000,37.9498654786,4.4854716505,27.2835965974
Bermuda,BMU,2005,30.7228125471,3.9872464869,21.3707972932
Bermuda,BMU,2006,30.61302445,3.68044331883,21.5281870946
Bermuda,BMU,2010,28.191934561,3.61343315636,19.2406118833
Bermuda,BMU,2016,25.6579448173,3.14556403057,18.8708525303
Bhutan,BTN,1990,25.160748581,27.6064679569,67.8304436129
Bhutan,BTN,1995,25.3904164618,20.1625528527,57.4477764476
Bhutan,BTN,2000,25.6007388273,19.3812998535,48.154365319
Bhutan,BTN,2005,32.708140357,22.6039147024,47.2276477197
Bhutan,BTN,2006,33.444827322,22.877256586,46.7919242996
Bhutan,BTN,2010,38.8787289087,25.259511686,48.8338971804
Bhutan,BTN,2016,55.3511364145,28.256649749,58.0178154167
Bolivia,BOL,1990,1204.62317769,569.423709116,1264.19038048
Bolivia,BOL,1995,1322.73092959,492.542330191,1191.96130556
Bolivia,BOL,2000,1389.70923265,443.96029723,1059.2256942
Bolivia,BOL,2005,1635.89809452,412.084571141,1079.6896876
Bolivia,BOL,2006,1670.67340703,406.463459816,1079.88091475
Bolivia,BOL,2010,1915.11542304,410.122257234,1150.27326368
Bolivia,BOL,2016,2420.9944538,439.255631807,1273.07569415
Bosnia and Herzegovina,BIH,1990,2040.6955343,701.278240077,4021.61024046
Bosnia and Herzegovina,BIH,1995,2035.83280307,781.220157308,4008.65224164
Bosnia and Herzegovina,BIH,2000,2533.28821274,621.514086893,3458.99483312
Bosnia and Herzegovina,BIH,2005,3287.92236694,561.744391995,3364.86953407
Bosnia and Herzegovina,BIH,2006,3421.87388216,553.045040166,3334.25306785
Bosnia and Herzegovina,BIH,2010,3695.32711762,505.226895301,3239.84842272
Bosnia and Herzegovina,BIH,2016,3604.01378111,442.456955368,3806.32838406
Botswana,BWA,1990,172.572882048,129.084968223,317.764006916
Botswana,BWA,1995,232.477183057,197.384013906,428.339723781
Botswana,BWA,2000,317.371823246,320.399718812,642.765679671
Botswana,BWA,2005,329.103000679,298.501166684,661.498670607
Botswana,BWA,2006,327.997867393,289.631633915,650.140879241
Botswana,BWA,2010,331.37704247,270.441373216,628.933404006
Botswana,BWA,2016,350.964296972,283.422379362,673.781226393
Brazil,BRA,1990,41015.3459146,20250.890991,53843.8086636
Brazil,BRA,1995,46492.1142998,21048.8972247,57090.0287603
Brazil,BRA,2000,51355.8881324,20292.9328845,56465.8411177
Brazil,BRA,2005,53739.0041321,18293.9745079,56364.6644443
Brazil,BRA,2006,54164.1458497,17833.9408284,56485.015048
Brazil,BRA,2010,55781.3137779,15491.953815,57159.8960777
Brazil,BRA,2016,61410.3765061,11933.7429483,58558.7930699
Brunei,BRN,1990,44.12581192,26.8104299643,43.0737607479
Brunei,BRN,1995,45.9566696706,34.4030466267,46.8047281343
Brunei,BRN,2000,40.2039081973,31.3025958923,42.7862307479
Brunei,BRN,2005,54.1410932399,27.0597691077,49.8692343852
Brunei,BRN,2006,56.0182235722,28.3284782708,52.4361526836
Brunei,BRN,2010,68.0058895969,28.2560914177,59.9403459967
Brunei,BRN,2016,86.4745463997,33.5765072423,92.7073037456
Bulgaria,BGR,1990,5460.71213728,2116.8069618,10664.5917967
Bulgaria,BGR,1995,6130.71542541,2456.23068109,10583.3195754
Bulgaria,BGR,2000,6349.19687623,2051.9465387,9650.11565616
Bulgaria,BGR,2005,6511.96867735,1850.64617233,9450.20884683
Bulgaria,BGR,2006,6477.3203477,1796.01662512,9441.54292802
Bulgaria,BGR,2010,5775.89236291,1563.63066309,8859.86061314
Bulgaria,BGR,2016,4962.7048006,1343.7631271,8603.5200124
Burkina Faso,BFA,1990,1150.06219363,432.802770331,1432.32850015
Burkina Faso,BFA,1995,1254.67007199,495.43952475,1529.50845554
Burkina Faso,BFA,2000,1313.85449199,627.137833808,1844.39287126
Burkina Faso,BFA,2005,1270.11642521,751.54679049,2068.72596917
Burkina Faso,BFA,2006,1268.46907187,786.005246322,2073.71935922
Burkina Faso,BFA,2010,1188.24091299,863.512815676,1663.62483777
Burkina Faso,BFA,2016,1098.39571763,1014.3645401,1474.76372921
Burundi,BDI,1990,459.244981619,594.874001691,1104.7928823
Burundi,BDI,1995,474.78768132,649.896100243,1123.87979208
Burundi,BDI,2000,438.942727953,567.968682417,891.588968544
Burundi,BDI,2005,411.34782226,481.3135209,790.272527785
Burundi,BDI,2006,410.071032788,470.901217582,788.862773554
Burundi,BDI,2010,417.905294629,466.422167318,845.842813049
Burundi,BDI,2016,467.019163578,533.367876577,1050.96848652
Cambodia,KHM,1990,2104.0740903,1400.93059126,4117.67335057
Cambodia,KHM,1995,2748.20626107,1662.06912027,4710.21005717
Cambodia,KHM,2000,3349.19612775,1991.90323761,5060.74055028
Cambodia,KHM,2005,4081.09445762,2084.0671831,5351.42061869
Cambodia,KHM,2006,4141.27401501,2054.24614532,5257.92100588
Cambodia,KHM,2010,4559.55117049,2023.63653084,5329.76527486
Cambodia,KHM,2016,5253.69317504,1851.83534871,6095.92342823
Cameroon,CMR,1990,1105.06565574,573.382351887,1648.75087906
Cameroon,CMR,1995,1248.20545339,718.553703767,1923.73400401
Cameroon,CMR,2000,1521.49973715,975.657259575,2419.18989249
Cameroon,CMR,2005,1747.3639559,1087.92471998,2610.28024554
Cameroon,CMR,2006,1785.38686175,1105.55751411,2634.07006112
Cameroon,CMR,2010,1937.43467647,1190.59333156,2772.39591372
Cameroon,CMR,2016,2213.56585512,1352.68005123,3114.75162292
Canada,CAN,1990,21480.4410115,2439.101163,16659.6055465
Canada,CAN,1995,24620.9686076,2489.00343389,15451.9444916
Canada,CAN,2000,26264.252078,2283.61419859,14107.5216186
Canada,CAN,2005,27036.739404,2117.95472315,14075.710027
Canada,CAN,2006,27028.5870952,2054.49525747,14184.1837371
Canada,CAN,2010,26937.0693468,1547.79641797,14103.595516
Canada,CAN,2016,28952.1198498,1288.55825733,15705.8845464
Cape Verde,CPV,1990,67.9304661748,10.6251012167,57.8019060645
Cape Verde,CPV,1995,70.4885058532,15.2677257629,64.0860358161
Cape Verde,CPV,2000,77.825589471,18.9555130728,60.4929036218
Cape Verde,CPV,2005,101.211100174,20.7114306342,64.3758831445
Cape Verde,CPV,2006,105.142805427,21.1382783418,63.7578553229
Cape Verde,CPV,2010,119.314229514,22.7265745585,61.8633593224
Cape Verde,CPV,2016,106.232536153,21.487439813,73.2708899348
Caribbean,,1990,12001.8518691,3432.32546983,10906.0923423
Caribbean,,1995,13080.0792298,3614.96652804,11773.6492413
Caribbean,,2000,13780.0925665,3506.68881665,12307.4163594
Caribbean,,2005,14840.3315075,3157.06971599,12611.4806845
Caribbean,,2006,15054.4053903,3115.38267376,12658.5231184
Caribbean,,2010,15858.2472914,3002.35373144,12842.2356919
Caribbean,,2016,17382.8121678,2627.20851048,13818.2285693
Central African Republic,CAF,1990,358.70277558,292.167078309,832.871685242
Central African Republic,CAF,1995,420.463135948,349.176072463,967.544496042
Central African Republic,CAF,2000,479.261214856,410.914840188,1065.6390027
Central African Republic,CAF,2005,509.880904222,454.022994553,1111.98362404
Central African Republic,CAF,2006,515.788396486,470.997988418,1125.4968604
Central African Republic,CAF,2010,534.107953198,542.868785918,1192.48499012
Central African Republic,CAF,2016,566.435170008,720.335815435,1361.85205873
Central Asia,,1990,14148.9827444,9070.29404121,37062.0470071
Central Asia,,1995,14605.6591877,14047.6173054,43473.6948826
Central Asia,,2000,17004.2651674,14872.9898636,36498.4392233
Central Asia,,2005,19181.6165762,16116.142084,37009.5602988
Central Asia,,2006,19609.861336,15996.4356347,36444.6116995
Central Asia,,2010,20253.222108,13420.3112343,33316.6629934
Central Asia,,2016,17249.3408856,10850.8495564,36319.1138119
Central Europe,,1990,77004.9627728,26527.2293852,132819.750934
Central Europe,,1995,81066.2688426,30052.6119936,129662.532076
Central Europe,,2000,87569.3513374,25547.5875452,116539.643701
Central Europe,,2005,92493.7057948,20622.038718,113639.163952
Central Europe,,2006,92715.7620669,19540.4497831,113961.821197
Central Europe,,2010,94038.6961914,15514.7376251,113999.885979
Central Europe,,2016,84544.0153408,12947.9174135,109066.553512
Central Latin America,,1990,22958.4677791,8594.93705359,25169.5727105
Central Latin America,,1995,27126.6455256,9382.29046017,27425.7914212
Central Latin America,,2000,29344.622841,9455.56360485,27897.7990534
Central Latin America,,2005,34389.0216912,8646.10191081,27674.49507
Central Latin America,,2006,34916.3685368,8491.63993578,27563.4164622
Central Latin America,,2010,37953.5152179,8435.6860962,28066.9142923
Central Latin America,,2016,41921.9263274,8129.20166336,30548.1482096
Central Sub-Saharan Africa,,1990,3359.66116728,3502.47636564,8068.15361657
Central Sub-Saharan Africa,,1995,3937.90571228,4058.40255163,9306.17017124
Central Sub-Saharan Africa,,2000,4341.34310548,4610.30973175,10068.9854227
Central Sub-Saharan Africa,,2005,4638.47983304,4887.80435102,10483.8365582
Central Sub-Saharan Africa,,2006,4759.8264073,5002.14951137,10682.9861512
Central Sub-Saharan Africa,,2010,5384.39865464,5803.39051549,12099.9610267
Central Sub-Saharan Africa,,2016,6714.24196758,6949.60726559,14542.0003032
Chad,TCD,1990,526.676231514,251.154005792,654.469704936
Chad,TCD,1995,614.976117682,293.967026281,740.642175406
Chad,TCD,2000,753.568041879,435.979105417,961.17837793
Chad,TCD,2005,840.898567015,459.008940153,1037.8351812
Chad,TCD,2006,858.540029714,461.596457751,1047.63408026
Chad,TCD,2010,975.976055671,520.835583368,1205.47122039
Chad,TCD,2016,1090.76568187,585.899406209,1344.9861933
Chile,CHL,1990,3749.87966792,1073.30761789,4379.74904857
Chile,CHL,1995,4082.46598283,983.456274064,4048.98810202
Chile,CHL,2000,4281.76832644,829.76146453,3551.02660607
Chile,CHL,2005,4846.28039466,803.616493939,3581.12272368
Chile,CHL,2006,4789.81263137,805.696626808,3594.8137767
Chile,CHL,2010,5316.67565887,829.863032681,3861.54613169
Chile,CHL,2016,5960.45174026,727.356067525,4140.46083526
China,CHN,1990,684969.862338,138612.884322,579099.31883
China,CHN,1995,822460.196699,178673.420248,592228.82436
China,CHN,2000,944098.288764,192855.728565,629917.915047
China,CHN,2005,1014092.91247,174043.901586,638230.177571
China,CHN,2006,980381.509429,169800.632072,612222.741014
China,CHN,2010,1006765.91691,159131.856884,618586.364065
China,CHN,2016,968422.931871,126637.078668,664011.535828
Colombia,COL,1990,5688.62956053,1867.93208439,6666.34712298
Colombia,COL,1995,6854.96486487,1876.3438352,7035.03742914
Colombia,COL,2000,8128.80843017,1867.23894382,6777.23490902
Colombia,COL,2005,10235.1532463,1531.93183755,6556.79878681
Colombia,COL,2006,10863.4063985,1525.84136726,6706.72679537
Colombia,COL,2010,11612.4632256,1296.81978737,6416.59758051
Colombia,COL,2016,11472.8580475,950.620359623,6051.1813621
Comoros,COM,1990,41.756075622,31.1701670244,65.394143089
Comoros,COM,1995,47.2507390194,34.6142392218,70.7608883913
Comoros,COM,2000,50.7127487037,33.0474903281,68.2863283733
Comoros,COM,2005,53.4549383939,28.9508031459,64.8433759355
Comoros,COM,2006,54.8940742108,29.3897577487,66.1361539278
Comoros,COM,2010,56.164821253,30.674952924,65.2295352658
Comoros,COM,2016,52.4391363956,37.2534962578,64.3705131239
Congo,COG,1990,335.171554228,202.709049202,627.299580502
Congo,COG,1995,381.356508653,224.935867926,679.781000649
Congo,COG,2000,370.536075925,213.542282593,618.336773562
Congo,COG,2005,326.495505123,168.347593447,504.830458419
Congo,COG,2006,329.134231366,168.906354906,502.402675496
Congo,COG,2010,343.052528194,190.613256118,512.753927046
Congo,COG,2016,392.74159229,269.481530224,584.268662242
Costa Rica,CRI,1990,361.315434236,81.4968643997,299.253075329
Costa Rica,CRI,1995,439.326412068,102.447575075,318.357606565
Costa Rica,CRI,2000,581.619225257,113.063358373,328.717510462
Costa Rica,CRI,2005,542.938121578,107.449863412,327.202677458
Costa Rica,CRI,2006,518.423317715,99.3196432571,317.305662511
Costa Rica,CRI,2010,500.989344313,81.4731461921,316.280901987
Costa Rica,CRI,2016,606.712670504,73.3747119125,334.539424263
Cote d'Ivoire,CIV,1990,647.376993686,1036.91220682,1761.91830737
Cote d'Ivoire,CIV,1995,862.251220329,1391.77513422,2501.27649391
Cote d'Ivoire,CIV,2000,925.628086236,1461.14313792,2767.48965487
Cote d'Ivoire,CIV,2005,927.873608693,1446.09101603,2772.93053368
Cote d'Ivoire,CIV,2006,951.895573248,1467.45455038,2808.2431651
Cote d'Ivoire,CIV,2010,1003.08403384,1587.09584577,2940.89000619
Cote d'Ivoire,CIV,2016,1151.77601373,2018.46312545,3435.47456446
Croatia,HRV,1990,4207.38468424,912.369666807,5907.81951318
Croatia,HRV,1995,3961.87224111,910.776087726,5643.40013401
Croatia,HRV,2000,4322.04478221,745.021410282,4764.27347459
Croatia,HRV,2005,4570.76380069,592.328849129,3966.35169376
Croatia,HRV,2006,4597.86686068,567.690922873,3891.15123676
Croatia,HRV,2010,4704.21706847,455.845141075,3652.00019492
Croatia,HRV,2016,4441.38422977,363.765099701,3709.36291335
Cuba,CUB,1990,7329.42942233,1328.02902028,5028.17400117
Cuba,CUB,1995,7476.32034996,1414.08100414,5496.08791494
Cuba,CUB,2000,7656.36910065,1348.6342372,5979.88309235
Cuba,CUB,2005,8400.48851409,1198.30509022,6514.39457509
Cuba,CUB,2006,8528.0589577,1185.47537281,6571.7526873
Cuba,CUB,2010,8958.12286962,1106.5033886,6751.32247032
Cuba,CUB,2016,9902.53574768,846.381387977,7295.2922594
Cyprus,CYP,1990,366.292991359,39.6704348524,255.453380641
Cyprus,CYP,1995,391.6791339,48.0007147958,261.473166289
Cyprus,CYP,2000,375.091134707,48.2996259675,268.934156059
Cyprus,CYP,2005,419.149734228,48.8347984645,298.61474419
Cyprus,CYP,2006,412.384284029,47.1453259398,290.629680305
Cyprus,CYP,2010,465.018422195,46.6513457766,308.648652355
Cyprus,CYP,2016,489.200492288,42.0524473409,304.36051454
Czech Republic,CZE,1990,8903.95149142,2133.47421813,12805.8514369
Czech Republic,CZE,1995,8581.82916623,1897.86978597,10546.7545959
Czech Republic,CZE,2000,8562.58043555,1398.55957271,9452.10945918
Czech Republic,CZE,2005,8409.31163425,958.026233254,8855.37281092
Czech Republic,CZE,2006,8188.46188024,878.200750929,8783.91274521
Czech Republic,CZE,2010,8181.74169352,728.787808065,8726.06753037
Czech Republic,CZE,2016,7898.1789974,583.11681515,7457.02167119
Democratic Republic of Congo,COD,1990,1818.47250187,2157.44622206,4544.16855512
Democratic Republic of Congo,COD,1995,2171.04418779,2527.72028265,5412.60726695
Democratic Republic of Congo,COD,2000,2452.80801432,3021.57319524,6217.8696659
Democratic Republic of Congo,COD,2005,2678.1911349,3251.66392586,6618.13562891
Democratic Republic of Congo,COD,2006,2767.40194967,3328.67973381,6771.2274025
Democratic Republic of Congo,COD,2010,3274.86017861,3949.10463366,7922.8138924
Democratic Republic of Congo,COD,2016,4310.00720039,4617.42868808,9581.6664115
Denmark,DNK,1990,8736.11744175,617.751039405,5239.94510388
Denmark,DNK,1995,9380.979793,576.28758178,4982.17116695
Denmark,DNK,2000,9160.76719353,467.184025552,4361.76061738
Denmark,DNK,2005,8902.90633141,389.761065439,3942.43636651
Denmark,DNK,2006,8759.7824991,368.492445468,3896.3160921
Denmark,DNK,2010,8346.73897911,277.220583894,3575.03020275
Denmark,DNK,2016,7908.32215473,190.754471397,3068.01867798
Djibouti,DJI,1990,51.4660818129,50.3014244849,88.1541809929
Djibouti,DJI,1995,63.7805926248,57.7820287809,101.896677705
Djibouti,DJI,2000,77.0672155576,63.0871425978,114.443786078
Djibouti,DJI,2005,93.7421813432,73.2921103964,128.650376708
Djibouti,DJI,2006,98.1401456482,76.3936630009,133.63208783
Djibouti,DJI,2010,125.304783433,92.2842504593,166.470569248
Djibouti,DJI,2016,137.518621288,89.0187749946,183.353375147
Dominica,DMA,1990,12.5165573253,2.85165204085,9.50587733546
Dominica,DMA,1995,15.3554971989,3.53580241261,10.240680481
Dominica,DMA,2000,13.39435642,2.96383614151,8.95208372565
Dominica,DMA,2005,13.6818156625,3.52659415995,8.9590950053
Dominica,DMA,2006,13.9337662728,3.53101240334,9.00517923189
Dominica,DMA,2010,14.0678677585,4.09716330618,10.4474042971
Dominica,DMA,2016,15.6239888966,4.38083105738,13.4649570811
Dominican Republic,DOM,1990,1360.49131137,460.043790336,1337.6842182
Dominican Republic,DOM,1995,1784.5728255,512.447696784,1522.52464196
Dominican Republic,DOM,2000,2189.80756777,513.064205714,1603.67088221
Dominican Republic,DOM,2005,2519.94849612,408.591139613,1464.22367352
Dominican Republic,DOM,2006,2589.13866045,390.862758248,1451.06585592
Dominican Republic,DOM,2010,2702.82968032,320.516767772,1374.75676696
Dominican Republic,DOM,2016,2936.17812929,290.725042853,1451.75898201
East Asia,,1990,703786.631852,144965.771425,601654.67956
East Asia,,1995,846820.379786,185642.968194,619719.43985
East Asia,,2000,973737.382448,201111.572511,661580.087636
East Asia,,2005,1049107.24755,184467.367897,672553.051156
East Asia,,2006,1016434.79376,180351.039748,646800.616078
East Asia,,2010,1048797.9417,169276.652288,654407.989717
East Asia,,2016,1017999.92889,136695.858414,701069.159562
Eastern Europe,,1990,122269.850464,42300.5926658,248761.116473
Eastern Europe,,1995,139686.454899,87423.6826174,336457.762996
Eastern Europe,,2000,160455.593849,82517.0896626,281134.801524
Eastern Europe,,2005,156453.605645,89109.7936497,292646.403444
Eastern Europe,,2006,150764.845656,79007.1371799,269793.4294
Eastern Europe,,2010,152337.867773,56855.075624,228471.532898
Eastern Europe,,2016,119558.784064,42979.4929375,235362.659422
Eastern Sub-Saharan Africa,,1990,13966.8283636,12076.1676935,24873.1659462
Eastern Sub-Saharan Africa,,1995,16136.2279944,13203.3717053,26735.2793452
Eastern Sub-Saharan Africa,,2000,17910.8142947,13913.3027907,28378.672922
Eastern Sub-Saharan Africa,,2005,20405.1222454,14342.0220354,29593.4965923
Eastern Sub-Saharan Africa,,2006,21044.3958965,14609.2438168,30164.2644514
Eastern Sub-Saharan Africa,,2010,23196.3473856,16223.6168946,33066.5094351
Eastern Sub-Saharan Africa,,2016,26553.1189768,17762.6730164,37238.4532314
Ecuador,ECU,1990,994.431270884,360.767800983,844.034733855
Ecuador,ECU,1995,1242.56731405,416.462103416,916.995085519
Ecuador,ECU,2000,1439.11945959,444.381177309,965.877774529
Ecuador,ECU,2005,1722.27919972,402.810887308,945.522642092
Ecuador,ECU,2006,1756.50784922,372.580718089,900.476401732
Ecuador,ECU,2010,1838.74513669,297.169809171,829.047182437
Ecuador,ECU,2016,1931.575193,243.419575075,841.379352877
Egypt,EGY,1990,7509.74961812,4649.57711114,15879.1070467
Egypt,EGY,1995,8669.48338322,5405.93429263,16112.9510039
Egypt,EGY,2000,8906.61975588,5607.84259903,17142.581918
Egypt,EGY,2005,10108.262762,6120.87180059,20726.5593177
Egypt,EGY,2006,10447.0490399,6299.86385714,21750.9974385
Egypt,EGY,2010,11552.3595968,6948.29187945,25821.9210972
Egypt,EGY,2016,12416.6661121,7432.473119,30393.4716667
El Salvador,SLV,1990,341.178592566,240.082592218,486.435115651
El Salvador,SLV,1995,355.435194568,237.998631942,472.264862459
El Salvador,SLV,2000,399.313372703,203.887706889,453.393124044
El Salvador,SLV,2005,492.973934313,199.374885104,447.942768643
El Salvador,SLV,2006,498.189049655,198.810836009,444.923660302
El Salvador,SLV,2010,520.570021673,201.148373956,448.190077367
El Salvador,SLV,2016,663.746941092,190.321130772,450.775184049
England,,1990,71951.2272625,4319.52224988,41918.7610022
England,,1995,71348.0181864,3958.05314617,32675.8725885
England,,2000,67732.2244766,3328.45065647,27008.9067269
England,,2005,64672.9530416,3040.00441305,24130.2690042
England,,2006,63321.284368,2983.30396395,23522.2718191
England,,2010,60947.3801955,2690.98766317,22154.7638088
England,,2016,64747.6722598,2342.78751293,22745.4018111
Equatorial Guinea,GNQ,1990,29.2445176362,20.8603547943,64.4771565818
Equatorial Guinea,GNQ,1995,29.8414397961,26.6190509955,58.7227903556
Equatorial Guinea,GNQ,2000,36.3383725918,26.3452400027,51.1147537691
Equatorial Guinea,GNQ,2005,35.4253845502,20.816051674,43.660559465
Equatorial Guinea,GNQ,2006,36.847558444,21.3822381253,46.5529953766
Equatorial Guinea,GNQ,2010,38.2459425285,19.5408347326,54.0502538054
Equatorial Guinea,GNQ,2016,40.8724665857,16.7825175442,72.3891953921
Eritrea,ERI,1990,71.1635528843,310.346864698,355.945722829
Eritrea,ERI,1995,55.8277480671,205.335114665,268.572791216
Eritrea,ERI,2000,66.2827603107,180.154807337,277.28330962
Eritrea,ERI,2005,90.5047835564,204.647541179,308.185578678
Eritrea,ERI,2006,93.5924173717,208.310762432,310.49682798
Eritrea,ERI,2010,102.706609185,221.373808299,315.738670204
Eritrea,ERI,2016,122.078491288,221.918648562,314.112090431
Estonia,EST,1990,941.965015034,290.512900933,1761.05568319
Estonia,EST,1995,951.189368861,406.802875589,2051.61824108
Estonia,EST,2000,994.235050693,290.984189038,1506.85448812
Estonia,EST,2005,1022.69706769,206.188826677,1319.32688911
Estonia,EST,2006,1043.41717391,189.805496632,1321.85409857
Estonia,EST,2010,949.04055114,112.997324063,959.784527857
Estonia,EST,2016,908.612519531,84.6129846084,873.400694587
Ethiopia,ETH,1990,4079.52482474,3828.55824734,7913.64336971
Ethiopia,ETH,1995,4257.19412097,3476.65376211,7187.13140255
Ethiopia,ETH,2000,3760.50739659,2836.32664363,6169.78519505
Ethiopia,ETH,2005,3935.56323007,2575.6633627,5329.73915363
Ethiopia,ETH,2006,4099.8888515,2576.10956158,5314.29557524
Ethiopia,ETH,2010,4581.31592518,2741.67008952,5552.73957826
Ethiopia,ETH,2016,5467.22830398,2882.89355697,6476.09293415
Fiji,FJI,1990,96.6031712256,171.174097621,249.603464104
Fiji,FJI,1995,99.2960359603,198.108012466,276.474175719
Fiji,FJI,2000,103.767798278,197.911325161,306.265983957
Fiji,FJI,2005,114.796242556,178.583256189,334.971771604
Fiji,FJI,2006,117.619665892,172.479982899,346.234399151
Fiji,FJI,2010,124.232053465,146.381416206,372.712835702
Fiji,FJI,2016,139.575848815,159.359350281,395.876678003
Finland,FIN,1990,3282.21528098,530.72984077,2918.98589691
Finland,FIN,1995,3150.00205736,468.29763624,2408.7477131
Finland,FIN,2000,3255.99345791,331.814053908,2126.39791474
Finland,FIN,2005,3114.65276821,256.657086141,2179.51482566
Finland,FIN,2006,3149.83818115,234.047825228,2189.10989587
Finland,FIN,2010,3124.48419831,169.021790014,2180.76221944
Finland,FIN,2016,2974.0023959,96.9087445502,1883.26488427
France,FRA,1990,32568.2306876,5650.02233982,31877.5274128
France,FRA,1995,35224.6033628,6669.52334506,28967.0892833
France,FRA,2000,37558.1861575,6593.75559939,27412.0462832
France,FRA,2005,37142.5048281,5821.83097,27664.9150521
France,FRA,2006,37236.0114414,5601.38652048,28079.0840799
France,FRA,2010,38891.1510398,4814.89933435,29888.0843752
France,FRA,2016,37692.7409991,3955.84530373,29998.4090234
Gabon,GAB,1990,177.188333955,81.5624512602,297.880013426
Gabon,GAB,1995,194.682985509,88.4997869442,309.934740984
Gabon,GAB,2000,194.413413369,84.0726703991,271.445104828
Gabon,GAB,2005,183.472619989,79.1647052739,237.724213949
Gabon,GAB,2006,178.932450354,78.4233713464,231.392668841
Gabon,GAB,2010,160.672125388,78.6101670034,210.106179356
Gabon,GAB,2016,160.669417593,87.2165586904,214.167479167
Gambia,GMB,1990,54.1859540833,48.0370027817,93.8074580506
Gambia,GMB,1995,67.8129670299,52.6504862201,103.00264556
Gambia,GMB,2000,78.8125528482,61.5482341354,120.580555203
Gambia,GMB,2005,83.6727368022,70.4606941611,139.664777747
Gambia,GMB,2006,84.6288369472,72.9626375375,144.885426419
Gambia,GMB,2010,84.0282788464,77.9332087226,152.784700813
Gambia,GMB,2016,87.5637494246,92.297927674,169.039279338
Georgia,GEO,1990,1531.12490796,1011.744306,4262.56780352
Georgia,GEO,1995,1287.10367216,1042.05639981,3454.4137255
Georgia,GEO,2000,1778.03771772,1002.10785858,2905.58663888
Georgia,GEO,2005,2375.10257564,1036.44751736,3188.22811173
Georgia,GEO,2006,2395.74643174,1004.60214401,3123.69376033
Georgia,GEO,2010,2679.52993291,936.845111789,3137.47060785
Georgia,GEO,2016,2366.54276082,684.721020439,3081.17282266
Germany,DEU,1990,70198.354253,9430.96465912,61189.0692447
Germany,DEU,1995,65431.3339428,8105.93964075,56878.5392837
Germany,DEU,2000,64090.3586602,7573.1485803,48355.1462776
Germany,DEU,2005,65092.109683,6754.75037587,45542.3317067
Germany,DEU,2006,65997.0738416,6468.66209113,44793.4223843
Germany,DEU,2010,71189.4044297,5272.99295051,42376.339373
Germany,DEU,2016,76480.649322,4097.61136992,40076.5341635
Ghana,GHA,1990,743.621463558,406.115797004,1168.32784603
Ghana,GHA,1995,928.594680433,423.848112289,1299.98223938
Ghana,GHA,2000,1126.28887921,630.841818033,1757.21462107
Ghana,GHA,2005,1426.95027335,726.839021971,2011.67459115
Ghana,GHA,2006,1479.45955206,734.513996548,2034.18441931
Ghana,GHA,2010,1640.48755157,698.014307332,2005.37771656
Ghana,GHA,2016,1590.75507674,652.787379499,2077.43888633
Greece,GRC,1990,9021.87304578,1029.90080143,6973.36693888
Greece,GRC,1995,9784.48227671,1203.39891293,7130.23321394
Greece,GRC,2000,11043.8074621,1246.43285059,6504.21875769
Greece,GRC,2005,11940.4945548,1213.17790013,6191.52838231
Greece,GRC,2006,12032.9655203,1211.5933659,6099.89226184
Greece,GRC,2010,12821.4464583,1179.09406922,6162.33176348
Greece,GRC,2016,13902.6737813,1039.1985478,6204.59866826
Greenland,GRL,1990,47.9988813506,13.8052270246,66.5788382095
Greenland,GRL,1995,45.5878857533,10.9387902837,68.1454050845
Greenland,GRL,2000,51.2080880866,12.4617236114,70.214828057
Greenland,GRL,2005,57.0757166528,11.9703534989,68.7204743703
Greenland,GRL,2006,55.3096101075,10.8970848311,66.41841613
Greenland,GRL,2010,53.0469044347,10.3633700279,67.7428401605
Greenland,GRL,2016,56.9842082848,7.01417022759,67.1282665716
Grenada,GRD,1990,16.9539637743,5.17205429411,21.9145620126
Grenada,GRD,1995,17.2255730989,6.16451580085,19.4065808884
Grenada,GRD,2000,18.8431481638,6.87681938232,18.474759314
Grenada,GRD,2005,20.0840807152,8.21592365839,20.3766813541
Grenada,GRD,2006,20.0431256666,8.28592545982,20.552677984
Grenada,GRD,2010,19.0455025571,8.17172127374,21.2815859702
Grenada,GRD,2016,19.6068657617,7.67422599627,26.2753435753
Guam,GUM,1990,27.4214646569,20.9719425976,60.4772855584
Guam,GUM,1995,34.5101318706,25.9335757841,65.0079946425
Guam,GUM,2000,45.7719500396,28.0410896113,73.6184427692
Guam,GUM,2005,59.953504816,29.8826328733,88.0237953868
Guam,GUM,2006,63.6161582458,31.2548363226,91.7532773925
Guam,GUM,2010,81.5077305847,35.2659347834,106.943073198
Guam,GUM,2016,101.482743545,33.051849454,131.562407637
Guatemala,GTM,1990,440.133538812,353.95995715,604.352975198
Guatemala,GTM,1995,559.434769614,419.781566793,670.403283346
Guatemala,GTM,2000,715.097586456,440.402072097,690.333283925
Guatemala,GTM,2005,807.987272864,376.963370573,685.420314244
Guatemala,GTM,2006,784.108606858,356.658821158,670.444279793
Guatemala,GTM,2010,768.558252509,303.324918988,652.564424091
Guatemala,GTM,2016,900.60560188,345.911068541,705.132289071
Guinea,GIN,1990,326.201391739,405.717392821,707.145207304
Guinea,GIN,1995,484.214918015,609.266392965,990.88322028
Guinea,GIN,2000,581.118364695,759.999700969,1197.82193491
Guinea,GIN,2005,587.650030655,812.71052789,1299.63786172
Guinea,GIN,2006,603.697323507,843.442140627,1349.98027183
Guinea,GIN,2010,680.632820122,977.218658075,1598.78523738
Guinea,GIN,2016,769.597178039,1125.96428509,1885.71987696
Guinea-Bissau,GNB,1990,120.54462291,125.233605715,258.629399257
Guinea-Bissau,GNB,1995,128.040385597,134.861781845,262.246032521
Guinea-Bissau,GNB,2000,132.417060873,147.798715013,281.628798232
Guinea-Bissau,GNB,2005,141.625942748,157.55991267,324.410383136
Guinea-Bissau,GNB,2006,144.178681329,159.304395895,332.473473265
Guinea-Bissau,GNB,2010,158.120442649,173.49851337,376.10737799
Guinea-Bissau,GNB,2016,187.947604859,195.50402896,421.549512527
Guyana,GUY,1990,82.9480566606,86.1315182263,202.02797518
Guyana,GUY,1995,88.3233976617,90.5815371606,192.593780241
Guyana,GUY,2000,75.6771629997,89.3241168158,178.161982926
Guyana,GUY,2005,80.0520288615,93.0361047104,211.444026474
Guyana,GUY,2006,81.8525687582,92.9592030752,210.953176822
Guyana,GUY,2010,88.2579323962,97.6217674413,233.752554132
Guyana,GUY,2016,82.8536258416,76.4491430748,275.284244922
Haiti,HTI,1990,1264.6226899,997.289878722,2395.27777957
Haiti,HTI,1995,1301.28132045,991.887036481,2452.8396216
Haiti,HTI,2000,1287.92594331,953.642213844,2352.63473189
Haiti,HTI,2005,1297.22790854,905.407934094,2321.53464993
Haiti,HTI,2006,1292.46495161,901.516445838,2294.72413747
Haiti,HTI,2010,1418.19378482,950.86289211,2292.19211158
Haiti,HTI,2016,1557.54164404,892.109182146,2377.95675715
High-income Asia Pacific,,1990,93487.8353856,13380.6019801,58261.8501922
High-income Asia Pacific,,1995,103373.423895,11613.3618707,59576.2170775
High-income Asia Pacific,,2000,113957.804293,10114.0966841,57433.0023948
High-income Asia Pacific,,2005,124714.536465,8531.14806283,51747.6608635
High-income Asia Pacific,,2006,126149.405909,8135.8714139,50259.8939954
High-income Asia Pacific,,2010,133882.914359,6835.06646598,46336.4880902
High-income Asia Pacific,,2016,148878.137265,5346.31187179,39465.2105065
Honduras,HND,1990,318.157450493,311.203059966,646.248608035
Honduras,HND,1995,422.34949279,324.019347344,739.706707365
Honduras,HND,2000,504.810583753,337.338376563,803.984067879
Honduras,HND,2005,611.006609499,351.439847899,902.967022751
Honduras,HND,2006,619.529956906,349.698582323,911.727931413
Honduras,HND,2010,653.660383305,332.052789405,965.040421053
Honduras,HND,2016,712.086685272,347.567275827,1096.0473932
Hungary,HUN,1990,10013.7030507,3402.58596965,14237.6170179
Hungary,HUN,1995,10275.2196103,3744.73703688,13758.6427569
Hungary,HUN,2000,10085.7917536,3287.17463528,12551.8078787
Hungary,HUN,2005,10329.7439323,2540.42460697,13378.4977665
Hungary,HUN,2006,10332.7503622,2352.68023642,13699.1704218
Hungary,HUN,2010,10466.5432733,1747.3834734,13868.9298142
Hungary,HUN,2016,10266.2318616,1558.35725886,12877.1478278
Iceland,ISL,1990,199.417616991,19.1289972922,120.061220382
Iceland,ISL,1995,215.624196319,19.1853668279,109.189993678
Iceland,ISL,2000,210.762348342,17.508944878,98.9694421276
Iceland,ISL,2005,214.100861745,14.9504218748,89.6087629427
Iceland,ISL,2006,216.918965345,14.8706281486,88.8050108207
Iceland,ISL,2010,220.500860705,12.8454825937,89.2393862444
Iceland,ISL,2016,241.153550669,10.9757582998,103.475752375
India,IND,1990,110461.196861,96339.8613453,265796.080342
India,IND,1995,124012.188559,107869.788249,284772.266044
India,IND,2000,142628.793617,123143.777783,304378.312133
India,IND,2005,167130.467615,127247.8387,328003.284319
India,IND,2006,172474.181774,128429.661895,333688.642787
India,IND,2010,202952.373927,131320.472491,366569.337237
India,IND,2016,231623.050868,113184.645478,375183.714607
Indonesia,IDN,1990,31748.1963509,22525.954539,51903.9383598
Indonesia,IDN,1995,35812.9451669,24367.3605866,57887.1825552
Indonesia,IDN,2000,40167.4306251,29470.719459,61659.4959048
Indonesia,IDN,2005,48772.4585628,35034.0740683,71701.5495271
Indonesia,IDN,2006,51165.7763733,35965.6010678,73149.5336349
Indonesia,IDN,2010,57581.4414692,37854.6540341,80693.0572954
Indonesia,IDN,2016,62069.3350923,37668.0986096,94138.2767648
Iran,IRN,1990,5005.41176735,2844.07317234,9038.62902196
Iran,IRN,1995,6595.19442899,3634.41459362,10233.0958197
Iran,IRN,2000,8351.95272714,4496.51118033,11514.7652231
Iran,IRN,2005,11276.8230471,4999.61175531,12897.1316399
Iran,IRN,2006,11643.0548259,5035.90124938,13050.7964552
Iran,IRN,2010,12808.6115824,5199.7413854,13082.6320397
Iran,IRN,2016,12872.0963174,5359.47810269,14782.4526363
Iraq,IRQ,1990,4131.99663037,1762.87693985,4906.40895843
Iraq,IRQ,1995,4560.63754826,2221.81365578,5768.73349451
Iraq,IRQ,2000,5068.72689032,2843.64028112,6586.1145019
Iraq,IRQ,2005,5629.78361886,3120.74290586,7503.5540981
Iraq,IRQ,2006,5734.48755404,3208.01930612,7597.03875347
Iraq,IRQ,2010,6088.74864584,3468.25697011,7653.91215889
Iraq,IRQ,2016,6273.53418083,4067.26346382,8398.70408072
Ireland,IRL,1990,4519.81467242,281.392050786,2510.36347011
Ireland,IRL,1995,4746.84467765,266.560702654,2129.05086532
Ireland,IRL,2000,4586.65382063,271.559288957,1904.47675344
Ireland,IRL,2005,3911.09060491,234.543154632,1606.99965939
Ireland,IRL,2006,3816.50512602,233.15947944,1576.54648796
Ireland,IRL,2010,3583.05387769,210.628504143,1527.22719212
Ireland,IRL,2016,3694.64035993,178.708140495,1527.6086779
Israel,ISR,1990,2504.9451732,277.958260221,1686.16690349
Israel,ISR,1995,2845.53158075,330.366989675,1685.58985727
Israel,ISR,2000,2772.65000537,317.304859715,1583.76017663
Israel,ISR,2005,2900.16778873,284.083546234,1554.27097721
Israel,ISR,2006,2923.55848021,277.064824474,1563.44060187
Israel,ISR,2010,2845.49542987,239.198639648,1575.22664686
Israel,ISR,2016,3170.00561833,234.99501563,1722.40468896
Italy,ITA,1990,47265.8360167,4919.91373081,42128.180724
Italy,ITA,1995,51885.0322121,4448.33114673,36373.615179
Italy,ITA,2000,55889.2888795,3660.98700152,29500.2774025
Italy,ITA,2005,57150.6407971,2957.23061227,23936.5040339
Italy,ITA,2006,58923.7964471,2936.9055798,23525.8111325
Italy,ITA,2010,63055.8862963,2709.97810086,21812.2557877
Italy,ITA,2016,65871.845616,2543.63386267,21085.3857386
Jamaica,JAM,1990,432.088786045,119.737694671,411.803442568
Jamaica,JAM,1995,549.839723712,138.042110045,473.493839383
Jamaica,JAM,2000,685.654816514,165.619679763,560.321447641
Jamaica,JAM,2005,693.873323554,145.610458117,503.176703385
Jamaica,JAM,2006,727.884510002,143.979848222,537.259056933
Jamaica,JAM,2010,809.288976938,141.628974654,614.761364465
Jamaica,JAM,2016,920.166276404,144.392882987,742.168001449
Japan,JPN,1990,78042.5460025,7301.97248016,39727.9511786
Japan,JPN,1995,84163.9856093,7001.40751327,41988.7802471
Japan,JPN,2000,91128.7599995,5911.97317659,40126.3793354
Japan,JPN,2005,100705.087947,5089.43344147,36805.336063
Japan,JPN,2006,101996.421913,4960.80562408,36062.0474489
Japan,JPN,2010,108143.339569,4440.19228086,34264.2319645
Japan,JPN,2016,117635.698421,3425.58683183,26865.406972
Jordan,JOR,1990,451.183000763,234.280235853,598.403855132
Jordan,JOR,1995,482.376730187,313.293186348,780.266010391
Jordan,JOR,2000,545.690944859,331.299405035,865.255291747
Jordan,JOR,2005,744.254916353,349.451122176,1009.82084249
Jordan,JOR,2006,759.033549571,358.907417632,1016.61061352
Jordan,JOR,2010,837.833133728,411.335298525,1067.31930534
Jordan,JOR,2016,991.443734278,578.981411429,1193.10137341
Kazakhstan,KAZ,1990,5585.51936685,3372.44788697,14456.9110376
Kazakhstan,KAZ,1995,5929.5117294,5826.11914199,18289.5764359
Kazakhstan,KAZ,2000,6079.16144376,5987.22374451,14406.9148235
Kazakhstan,KAZ,2005,5895.65946103,6154.80452461,14495.7433858
Kazakhstan,KAZ,2006,6012.44821609,6018.55667961,14202.2894843
Kazakhstan,KAZ,2010,5906.69428419,4423.32625162,11453.4897132
Kazakhstan,KAZ,2016,5027.8342597,3097.78177355,11334.9334848
Kenya,KEN,1990,1125.75643304,496.566308163,1177.86233704
Kenya,KEN,1995,1379.7016671,733.690561256,1510.8060627
Kenya,KEN,2000,1605.41650171,986.608802413,1885.87649112
Kenya,KEN,2005,1808.50827498,1129.12776989,2178.77448508
Kenya,KEN,2006,1820.38887527,1139.27993743,2208.12288519
Kenya,KEN,2010,1906.96320544,1227.72307875,2418.47500113
Kenya,KEN,2016,2034.20069603,1424.59300675,2791.05927694
Kiribati,KIR,1990,23.2434276098,24.0146271527,49.1007846909
Kiribati,KIR,1995,25.2160652945,29.1753775547,51.7190265443
Kiribati,KIR,2000,27.1795003978,36.4977183688,59.2996720344
Kiribati,KIR,2005,33.015812912,41.0421837906,67.2402744431
Kiribati,KIR,2006,34.1051906755,42.4094518882,70.5317742547
Kiribati,KIR,2010,36.3462568794,45.8213834177,80.0597019987
Kiribati,KIR,2016,40.01637293,44.0561108438,94.7220589785
Kuwait,KWT,1990,86.167027436,121.835013032,209.489423706
Kuwait,KWT,1995,89.9731723878,131.746354138,177.432060727
Kuwait,KWT,2000,93.1963700154,154.059717636,207.717623637
Kuwait,KWT,2005,113.699600471,196.325046759,230.370393067
Kuwait,KWT,2006,120.133879796,206.821786023,240.126929404
Kuwait,KWT,2010,129.414052373,212.926699372,245.32684542
Kuwait,KWT,2016,128.431726114,263.15959475,335.60946519
Kyrgyzstan,KGZ,1990,1108.88563688,548.371238173,2370.21910711
Kyrgyzstan,KGZ,1995,1186.30038214,983.06614685,2899.14495904
Kyrgyzstan,KGZ,2000,1153.7244927,906.319358954,2106.47542062
Kyrgyzstan,KGZ,2005,1329.88783721,937.087639967,2094.81781342
Kyrgyzstan,KGZ,2006,1400.48033352,967.441409368,2130.91333362
Kyrgyzstan,KGZ,2010,1380.51619174,786.994852276,1962.38111234
Kyrgyzstan,KGZ,2016,967.53173213,636.61468571,2310.50087308
Laos,LAO,1990,1601.84358294,954.220213535,2410.91324176
Laos,LAO,1995,1792.45871127,1074.36570086,2480.16942809
Laos,LAO,2000,1977.15681803,1176.0876942,2492.67579976
Laos,LAO,2005,2131.83263673,1204.73913559,2551.38659731
Laos,LAO,2006,2156.27786023,1214.54429798,2572.48738792
Laos,LAO,2010,2229.93972465,1175.9932159,2657.44469189
Laos,LAO,2016,2272.76136116,1122.93190976,2829.27651635
Latin America and Caribbean,,1990,80844.4406876,34346.3478424,94667.0642997
Latin America and Caribbean,,1995,92813.4876199,36312.8658817,101591.696355
Latin America and Caribbean,,2000,100982.094755,35244.5229976,101590.619686
Latin America and Caribbean,,2005,110505.563295,32004.2088913,101660.602071
Latin America and Caribbean,,2006,111847.690144,31326.771055,101673.49522
Latin America and Caribbean,,2010,118389.918303,28848.2277455,103419.48428
Latin America and Caribbean,,2016,130607.927726,24358.2568894,108491.027562
Latvia,LVA,1990,1554.55840995,530.376438911,2917.4929246
Latvia,LVA,1995,1583.82126696,808.076684815,3755.19632286
Latvia,LVA,2000,1525.00684354,481.151099271,2694.6616276
Latvia,LVA,2005,1818.79280403,480.898926371,2698.21669196
Latvia,LVA,2006,1878.08321898,502.593337781,2749.74101076
Latvia,LVA,2010,1653.31608752,324.946626622,2116.98771738
Latvia,LVA,2016,1567.33535288,223.046395397,1822.52650173
Lebanon,LBN,1990,1013.57820456,400.664465652,1572.43640846
Lebanon,LBN,1995,890.018128558,336.332456232,1245.02660305
Lebanon,LBN,2000,975.195352411,283.441293097,1034.03931548
Lebanon,LBN,2005,1262.07272916,318.574696177,1191.73492095
Lebanon,LBN,2006,1334.35293185,320.405792179,1198.4336135
Lebanon,LBN,2010,1617.95798646,307.360057691,1193.86208279
Lebanon,LBN,2016,2500.56237039,367.712883657,1600.95059008
Lesotho,LSO,1990,320.506488844,131.096374357,540.185250343
Lesotho,LSO,1995,414.611790696,165.595453721,620.37799621
Lesotho,LSO,2000,562.192396914,247.702631163,805.157831958
Lesotho,LSO,2005,679.855591655,323.887363759,1038.80647018
Lesotho,LSO,2006,699.523648645,337.896419064,1049.35988418
Lesotho,LSO,2010,711.181381956,359.590612185,1027.3530339
Lesotho,LSO,2016,670.98395263,467.966552091,975.884372358
Liberia,LBR,1990,94.7692356003,87.131116711,205.868507105
Liberia,LBR,1995,92.2795266893,82.3965295431,192.286787221
Liberia,LBR,2000,127.4591128,122.676032312,267.908480219
Liberia,LBR,2005,137.072507879,130.910481617,285.043452984
Liberia,LBR,2006,144.869927257,137.365664336,300.562238006
Liberia,LBR,2010,184.511795434,162.213721321,378.210216111
Liberia,LBR,2016,218.240856143,159.916705529,442.047938265
Libya,LBY,1990,443.705530628,240.272171476,646.610695972
Libya,LBY,1995,522.93921786,271.180642064,712.612406631
Libya,LBY,2000,647.46192204,337.608812212,833.803820304
Libya,LBY,2005,780.621431698,387.919470532,951.385714594
Libya,LBY,2006,806.691907614,398.504849701,974.959670916
Libya,LBY,2010,939.070849026,436.485202497,1065.34070953
Libya,LBY,2016,1163.97469418,534.217423697,1431.88998802
Lithuania,LTU,1990,2052.46870838,674.491480574,3378.28817617
Lithuania,LTU,1995,2179.49553006,875.514633569,4003.92337004
Lithuania,LTU,2000,2028.87363277,561.438535283,2838.53251059
Lithuania,LTU,2005,2321.91769664,692.944139596,3151.4044843
Lithuania,LTU,2006,2347.29538441,714.147218946,3208.26160979
Lithuania,LTU,2010,2158.44458205,513.982907003,2696.62476034
Lithuania,LTU,2016,1946.66263033,339.802689686,2359.97727678
Luxembourg,LUX,1990,356.876618807,45.2299214497,296.874141925
Luxembourg,LUX,1995,344.000914795,41.9368259093,280.030266106
Luxembourg,LUX,2000,338.34892399,38.879970509,228.136834872
Luxembourg,LUX,2005,338.319457231,34.7347221032,203.254590117
Luxembourg,LUX,2006,331.827757846,33.3904748141,200.659325328
Luxembourg,LUX,2010,347.13288003,28.4363813556,188.898849165
Luxembourg,LUX,2016,375.273316152,25.1386489579,197.400592197
Macedonia,MKD,1990,898.247092323,323.706556393,1560.59879233
Macedonia,MKD,1995,960.720561835,352.884143466,1624.38706782
Macedonia,MKD,2000,1188.0479561,381.426707816,1712.96882584
Macedonia,MKD,2005,1383.59325168,351.83381889,1803.39825886
Macedonia,MKD,2006,1410.75899752,342.641377294,1818.89284636
Macedonia,MKD,2010,1479.6417069,319.39716129,1881.68044697
Macedonia,MKD,2016,1374.96561158,307.599802414,1919.79568601
Madagascar,MDG,1990,1046.5052642,1320.28689483,2236.50428523
Madagascar,MDG,1995,1157.33281471,1528.0302315,2308.84948816
Madagascar,MDG,2000,1233.61376712,1726.49036666,2335.93958107
Madagascar,MDG,2005,1276.81701304,1861.61238107,2476.19334929
Madagascar,MDG,2006,1276.35437057,1872.65326586,2488.55590307
Madagascar,MDG,2010,1319.07201042,2126.15368065,2778.98071538
Madagascar,MDG,2016,1389.99071786,2400.68153893,3367.90590069
Malawi,MWI,1990,924.363255885,418.154871129,1073.4263782
Malawi,MWI,1995,1323.88494018,516.90665803,1499.27589812
Malawi,MWI,2000,1584.74602792,676.153596629,2021.24473751
Malawi,MWI,2005,1683.71115923,674.334372733,2148.25402646
Malawi,MWI,2006,1727.71058286,682.684791507,2201.28265534
Malawi,MWI,2010,1928.63819539,703.329659308,2310.0991793
Malawi,MWI,2016,2217.17283292,777.9018533,2184.03087717
Malaysia,MYS,1990,5368.70282943,1585.09626989,5689.96048842
Malaysia,MYS,1995,6574.26868542,1970.62182981,6463.57529692
Malaysia,MYS,2000,7288.15840777,2337.09466677,7341.4479822
Malaysia,MYS,2005,8376.00024086,2574.19748356,8182.64883259
Malaysia,MYS,2006,8552.25479671,2621.87148081,8324.39964011
Malaysia,MYS,2010,9411.06203288,2736.99131195,8931.70901465
Malaysia,MYS,2016,10616.6681409,3019.4893293,10549.097537
Maldives,MDV,1990,37.8742603201,18.9102972002,71.741045453
Maldives,MDV,1995,46.3282712563,14.6854096511,78.5179208325
Maldives,MDV,2000,53.6721270712,12.1723090599,71.1848571413
Maldives,MDV,2005,61.5370854054,10.6312785048,53.3902325214
Maldives,MDV,2006,63.1413490513,10.3276145651,50.2705296403
Maldives,MDV,2010,75.4522313185,9.68371641343,44.9143333564
Maldives,MDV,2016,81.9380353439,12.8099785471,49.2357592633
Mali,MLI,1990,667.29512261,359.814083504,1088.37879334
Mali,MLI,1995,708.901801751,329.851506168,977.953305984
Mali,MLI,2000,639.443406882,328.037628428,855.799483343
Mali,MLI,2005,614.448090683,363.181217634,828.912976549
Mali,MLI,2006,612.310813337,369.654131771,829.755789218
Mali,MLI,2010,624.086080997,420.041040658,854.341572499
Mali,MLI,2016,618.17616713,451.923352502,841.272858211
Malta,MLT,1990,200.840990809,24.6803516877,183.575980733
Malta,MLT,1995,219.891265115,26.6990190265,162.087426606
Malta,MLT,2000,246.065901398,25.4047437593,163.413907901
Malta,MLT,2005,229.418464533,19.0798769736,138.817366405
Malta,MLT,2006,230.847825079,18.8021261204,143.215705624
Malta,MLT,2010,226.570153885,17.2106825275,155.521670236
Malta,MLT,2016,238.665554484,14.3976983587,146.785200327
Marshall Islands,MHL,1990,4.54309057771,8.33418643203,12.5097266822
Marshall Islands,MHL,1995,4.93288220015,9.94207537756,13.4678394149
Marshall Islands,MHL,2000,5.17475107348,11.313453939,14.3028730032
Marshall Islands,MHL,2005,5.95634076454,14.069492694,16.9157706146
Marshall Islands,MHL,2006,6.12276065825,14.8035664386,17.6593010997
Marshall Islands,MHL,2010,6.45850051963,16.0369587566,19.2943419522
Marshall Islands,MHL,2016,7.07829680895,17.6994003057,21.8841126438
Mauritania,MRT,1990,140.438944077,117.562026665,280.843118741
Mauritania,MRT,1995,155.294566814,117.878154502,284.580816716
Mauritania,MRT,2000,152.615792683,106.412623419,251.558813574
Mauritania,MRT,2005,152.396721922,104.033456711,238.416160638
Mauritania,MRT,2006,153.083508472,102.80209805,236.555091434
Mauritania,MRT,2010,165.183776145,111.683015633,255.034568598
Mauritania,MRT,2016,201.010523149,131.659226701,324.839529217
Mauritius,MUS,1990,325.386137847,171.143739936,557.81393793
Mauritius,MUS,1995,363.808223858,193.319538337,542.541817568
Mauritius,MUS,2000,393.038713799,206.475975615,501.746194876
Mauritius,MUS,2005,354.133554029,174.74570043,434.101001593
Mauritius,MUS,2006,346.781887722,165.667185685,419.748626317
Mauritius,MUS,2010,317.28499243,145.794922045,413.309406045
Mauritius,MUS,2016,376.446764303,109.999923594,451.763900975
Mexico,MEX,1990,12135.3669899,4107.89252465,11694.8875574
Mexico,MEX,1995,14332.4416373,4516.08559424,13125.2772977
Mexico,MEX,2000,14354.0141159,4460.88355096,13572.156584
Mexico,MEX,2005,16290.6581185,4049.31140932,12933.2663204
Mexico,MEX,2006,15950.7373682,3854.86505275,12350.7915691
Mexico,MEX,2010,17660.4414987,4176.45216813,12383.2473282
Mexico,MEX,2016,20286.5754946,4270.10692543,14229.4604081
Micronesia (country),FSM,1990,32.7564546066,21.6896206404,45.2315003971
Micronesia (country),FSM,1995,35.7338795665,27.4771850646,47.4430578661
Micronesia (country),FSM,2000,32.2461154159,28.2641868719,45.4175839051
Micronesia (country),FSM,2005,33.3658062567,25.4436843946,48.0517572854
Micronesia (country),FSM,2006,33.4613108613,25.0611981131,49.4995107093
Micronesia (country),FSM,2010,32.7333989787,23.4004837108,58.3307002681
Micronesia (country),FSM,2016,29.4149512602,20.7072479925,68.9191865565
Moldova,MDA,1990,1749.35187289,796.102567701,3878.57014756
Moldova,MDA,1995,1858.24771928,1222.01725645,4497.66162982
Moldova,MDA,2000,1510.75438176,964.540571557,3087.4932474
Moldova,MDA,2005,1652.65573412,1048.78004655,3312.25817503
Moldova,MDA,2006,1623.75994892,992.295660323,3192.87364365
Moldova,MDA,2010,1635.10691266,854.891780142,3306.85058387
Moldova,MDA,2016,1244.51908242,592.718512415,3098.81504406
Mongolia,MNG,1990,813.653388867,239.724627192,1086.10457738
Mongolia,MNG,1995,959.361842744,373.708835083,1336.09335383
Mongolia,MNG,2000,887.02394549,497.470966563,1336.18863516
Mongolia,MNG,2005,909.800599534,764.70381025,1530.84715625
Mongolia,MNG,2006,900.167012136,774.784437755,1539.97889547
Mongolia,MNG,2010,871.850922137,759.562583356,1651.80850894
Mongolia,MNG,2016,1026.05118216,738.079353812,1824.68564941
Montenegro,MNE,1990,306.392893937,94.513637574,487.809385302
Montenegro,MNE,1995,387.751184929,110.03266469,581.294955096
Montenegro,MNE,2000,496.365242174,124.664464973,596.922041141
Montenegro,MNE,2005,554.00846138,107.68313388,629.214879533
Montenegro,MNE,2006,555.596873523,107.527680553,621.702261332
Montenegro,MNE,2010,558.836580955,104.251813745,577.89032132
Montenegro,MNE,2016,570.791908392,92.6565072281,632.533503708
Morocco,MAR,1990,2260.00921891,1767.69324025,5353.37615964
Morocco,MAR,1995,2625.66645335,2052.61909102,5193.42640723
Morocco,MAR,2000,2953.17891313,2359.14259065,4789.04497922
Morocco,MAR,2005,3125.57818476,2470.59847771,5410.78474537
Morocco,MAR,2006,3144.17035525,2483.01966789,5520.81165236
Morocco,MAR,2010,3290.65195026,2429.65013221,6258.61966931
Morocco,MAR,2016,3690.40107623,2264.34712814,7578.27774499
Mozambique,MOZ,1990,1168.65903714,868.744564588,2162.29716881
Mozambique,MOZ,1995,1282.00508932,1080.44855236,2373.00088268
Mozambique,MOZ,2000,1490.48456684,1254.47890753,2768.02500867
Mozambique,MOZ,2005,1707.98717928,1332.28341295,3070.64561701
Mozambique,MOZ,2006,1783.52824777,1383.81107258,3214.14288463
Mozambique,MOZ,2010,2159.59611589,1637.40363921,3974.84013782
Mozambique,MOZ,2016,2572.71240138,1682.7872632,4192.81943378
Myanmar,MMR,1990,23252.6301075,7512.8436821,27674.6819192
Myanmar,MMR,1995,25458.7781395,8368.96999247,28244.2537378
Myanmar,MMR,2000,27944.2697484,9212.96612893,27880.0990067
Myanmar,MMR,2005,29017.2570565,8784.45194343,27609.8054312
Myanmar,MMR,2006,28692.8671665,8576.88584479,27248.9288786
Myanmar,MMR,2010,27348.4456383,7761.64636396,26184.7480438
Myanmar,MMR,2016,27513.5877706,6734.9376528,27688.142461
Namibia,NAM,1990,289.776903478,115.52356137,376.702404831
Namibia,NAM,1995,345.573273253,143.13930605,427.67920023
Namibia,NAM,2000,446.416377605,217.421908906,555.165665078
Namibia,NAM,2005,440.474990785,197.951501017,522.641976296
Namibia,NAM,2006,435.882287044,190.163744001,517.284829339
Namibia,NAM,2010,391.821446566,157.663402266,441.03530821
Namibia,NAM,2016,364.63744047,144.473287646,409.163478224
Nepal,NPL,1990,4665.21024,2825.49345868,8844.34322731
Nepal,NPL,1995,5555.53062654,3043.91968609,9648.54000043
Nepal,NPL,2000,6981.08719829,3236.64534896,10340.612097
Nepal,NPL,2005,9215.47235409,3197.91627311,12134.8577594
Nepal,NPL,2006,9460.13297746,3179.11309251,12310.561102
Nepal,NPL,2010,10426.7616176,2903.80970269,12704.1212246
Nepal,NPL,2016,11093.5736246,2506.81926058,11316.9330617
Netherlands,NLD,1990,15580.9551948,1479.71912103,10462.8480645
Netherlands,NLD,1995,17198.4656703,1662.60298407,10018.3692737
Netherlands,NLD,2000,18001.9332146,1636.78609036,9685.99984594
Netherlands,NLD,2005,18280.4674812,1355.35793333,9073.89835024
Netherlands,NLD,2006,18264.9189097,1264.27367819,8972.80478336
Netherlands,NLD,2010,18744.8257828,1028.33667556,9145.41442238
Netherlands,NLD,2016,19449.8204771,773.642033466,8972.55372811
New Zealand,NZL,1990,2638.2104838,264.28436259,1966.57462953
New Zealand,NZL,1995,2733.75679029,245.226878665,1697.68431183
New Zealand,NZL,2000,2679.89240269,231.45929585,1422.98765379
New Zealand,NZL,2005,2603.09337934,229.157024214,1313.23277188
New Zealand,NZL,2006,2634.05882584,222.034098113,1325.68760547
New Zealand,NZL,2010,2658.98050646,199.068977854,1285.6338837
New Zealand,NZL,2016,2914.84368901,162.463536136,1379.57715875
Nicaragua,NIC,1990,124.158446807,103.461354054,208.635275897
Nicaragua,NIC,1995,168.766839876,126.800224374,262.185084837
Nicaragua,NIC,2000,188.192986161,121.595036914,259.480212561
Nicaragua,NIC,2005,237.868663443,124.447061983,275.992802126
Nicaragua,NIC,2006,243.055761399,120.254694184,276.306536226
Nicaragua,NIC,2010,276.809191625,123.283351701,305.030538711
Nicaragua,NIC,2016,350.160254639,144.061532817,370.059035246
Niger,NER,1990,190.164200922,286.182112665,485.79531594
Niger,NER,1995,198.343064082,319.733097231,476.628447202
Niger,NER,2000,236.269503069,389.07142819,531.40143827
Niger,NER,2005,306.249078187,460.33957489,689.939476513
Niger,NER,2006,326.988328911,477.58662661,740.171499286
Niger,NER,2010,404.269570667,521.262094807,935.137391287
Niger,NER,2016,520.154924423,639.910498432,1261.39131486
Nigeria,NGA,1990,6048.65188618,3761.84276714,7699.70095326
Nigeria,NGA,1995,6502.10711143,4076.8641706,8104.30066772
Nigeria,NGA,2000,6766.73960068,3673.0130484,8277.69804815
Nigeria,NGA,2005,4120.51073214,2753.34089138,6134.45008299
Nigeria,NGA,2006,3650.32091925,2685.20689713,5884.04777262
Nigeria,NGA,2010,3082.97803721,2576.46964452,5174.53825014
Nigeria,NGA,2016,3357.74630183,2603.24774034,5065.30929866
North Africa and Middle East,,1990,51180.8581582,30337.3334545,85860.7309972
North Africa and Middle East,,1995,62879.9850706,36658.759774,94826.2099488
North Africa and Middle East,,2000,69665.0094993,39323.1784982,97103.4019925
North Africa and Middle East,,2005,77014.9212897,40847.3722106,105355.343324
North Africa and Middle East,,2006,77788.7815783,41092.7694532,107045.942769
North Africa and Middle East,,2010,81727.021453,42288.3235048,116933.792745
North Africa and Middle East,,2016,89406.1531664,46631.1925581,135122.752022
North America,,1990,240220.199374,31026.0598961,196135.652475
North America,,1995,272290.693497,31748.3367818,181017.442762
North America,,2000,296391.54592,32082.3498547,170831.596277
North America,,2005,295779.344771,30967.748258,175849.315366
North America,,2006,291198.318207,29701.5032017,175693.125516
North America,,2010,282658.311464,23768.5487426,177233.64259
North America,,2016,308059.465953,20038.3340457,197676.031338
North Korea,PRK,1990,11737.0526186,4041.48143617,13967.7282693
North Korea,PRK,1995,14495.4760079,4087.01449219,18386.2265595
North Korea,PRK,2000,17010.773899,4893.0165188,23257.4576605
North Korea,PRK,2005,20490.4046702,6875.4583305,25656.2943321
North Korea,PRK,2006,21403.0719245,7007.75666105,25882.7080891
North Korea,PRK,2010,25825.1987222,6981.59848148,26965.9210281
North Korea,PRK,2016,31481.7744973,7457.94826142,27220.1792217
Northern Ireland,,1990,1972.54363957,153.20556077,1418.93774241
Northern Ireland,,1995,1924.2904707,131.41561441,1139.19724561
Northern Ireland,,2000,1878.1014241,116.548923113,930.304685824
Northern Ireland,,2005,1772.9329243,110.06591481,843.080168458
Northern Ireland,,2006,1765.28484385,111.385315116,837.540685368
Northern Ireland,,2010,1744.69069457,104.591873977,830.495247935
Northern Ireland,,2016,1993.77341557,96.2171354186,887.952707198
Northern Mariana Islands,MNP,1990,5.06209495609,7.4525539668,9.40836033925
Northern Mariana Islands,MNP,1995,5.84538321834,8.39378262153,10.1906673939
Northern Mariana Islands,MNP,2000,5.83174857808,8.77133997086,10.8958455104
Northern Mariana Islands,MNP,2005,6.2400694382,10.4725254993,13.406916455
Northern Mariana Islands,MNP,2006,6.29347264211,10.9690033831,14.0139837055
Northern Mariana Islands,MNP,2010,6.64425877016,13.8676652995,17.2347137223
Northern Mariana Islands,MNP,2016,7.75320565001,18.6453175636,22.7906897033
Norway,NOR,1990,4342.11653725,318.100734782,2438.99096731
Norway,NOR,1995,4625.44899092,320.324537541,2129.83746613
Norway,NOR,2000,4834.09174343,274.702184707,1969.71451581
Norway,NOR,2005,4587.10437812,208.798630293,1865.21076105
Norway,NOR,2006,4550.23519589,196.0250325,1881.60421808
Norway,NOR,2010,4520.5114125,160.255362029,1932.76494091
Norway,NOR,2016,4119.17598288,114.452448291,1755.78984354
Oceania,,1990,1507.01500733,2044.83886034,3969.7766408
Oceania,,1995,1726.17798804,2307.95608454,4349.46109943
Oceania,,2000,1927.71912824,2600.04387509,4789.83599635
Oceania,,2005,2214.68961949,3121.18997512,5674.38871004
Oceania,,2006,2280.44070145,3225.12102569,5863.64002825
Oceania,,2010,2511.23809769,3601.80576568,6583.64019515
Oceania,,2016,2873.22193881,3873.16110983,7115.91749947
Oman,OMN,1990,91.8707784343,106.488734174,127.604687277
Oman,OMN,1995,102.871507375,135.958734716,167.210921119
Oman,OMN,2000,115.64197787,93.5889581169,159.115276733
Oman,OMN,2005,93.5361359853,82.1954195898,161.054886336
Oman,OMN,2006,94.9149203214,81.8772014922,162.230045119
Oman,OMN,2010,122.033862355,86.6321504541,203.150613806
Oman,OMN,2016,191.128414371,179.562373035,358.783611247
Pakistan,PAK,1990,22096.0845425,12379.5760895,34130.1580655
Pakistan,PAK,1995,30569.7005584,15893.3025249,46585.8881313
Pakistan,PAK,2000,38644.8584602,19199.6905043,57307.9683857
Pakistan,PAK,2005,43555.5695834,22192.0292388,61785.6132873
Pakistan,PAK,2006,43476.8575369,22248.0980107,61343.6506817
Pakistan,PAK,2010,43995.1364942,22312.6703571,60609.0374156
Pakistan,PAK,2016,46103.2189489,22905.1774378,61865.4275045
Palestine,PSE,1990,235.524406267,158.494311272,298.224107959
Palestine,PSE,1995,306.898429566,166.587922044,364.502430435
Palestine,PSE,2000,453.421527312,188.881911671,497.069834952
Palestine,PSE,2005,545.011398087,266.932718746,606.132702225
Palestine,PSE,2006,555.856123324,277.939011947,624.509898046
Palestine,PSE,2010,677.11711711,292.345338317,721.267401962
Palestine,PSE,2016,941.385012693,395.488685235,987.360495085
Panama,PAN,1990,381.833934525,80.7071284224,293.284440693
Panama,PAN,1995,461.320614427,87.6650307804,313.788902294
Panama,PAN,2000,466.654862842,69.7755719201,291.413659497
Panama,PAN,2005,536.98272071,72.6963505588,301.575476015
Panama,PAN,2006,524.873705744,72.6641526121,296.436188876
Panama,PAN,2010,469.543152664,64.8010739649,280.604351397
Panama,PAN,2016,465.669946772,51.7765487034,259.504297826
Papua New Guinea,PNG,1990,1080.05064663,1613.41441501,3171.08564331
Papua New Guinea,PNG,1995,1257.5211955,1813.12837985,3478.57935885
Papua New Guinea,PNG,2000,1428.62247048,2069.16530053,3853.9060734
Papua New Guinea,PNG,2005,1658.12321144,2557.27079698,4640.08623293
Papua New Guinea,PNG,2006,1712.99534421,2655.18568058,4799.70540395
Papua New Guinea,PNG,2010,1896.40943726,3016.39513958,5414.01403335
Papua New Guinea,PNG,2016,2193.9393239,3248.36243757,5809.21981627
Paraguay,PRY,1990,695.152213784,207.963719509,689.524826095
Paraguay,PRY,1995,853.834018242,252.583282641,824.427645353
Paraguay,PRY,2000,1063.77676304,279.388535821,943.410669651
Paraguay,PRY,2005,1300.6613847,303.818476599,1142.91631061
Paraguay,PRY,2006,1344.24739758,309.827656992,1183.46961262
Paraguay,PRY,2010,1525.47677486,318.40901268,1308.22066051
Paraguay,PRY,2016,1705.79219936,298.790900029,1430.43078953
Peru,PER,1990,1974.56846236,930.039098421,1949.84064286
Peru,PER,1995,2695.51630282,1105.12395257,2368.84289585
Peru,PER,2000,2608.88575929,821.607681262,1951.04901679
Peru,PER,2005,2878.36728559,788.348821522,1841.83323151
Peru,PER,2006,2941.34171364,796.935782145,1802.71366238
Peru,PER,2010,3517.50468097,892.533023827,2062.89711158
Peru,PER,2016,3834.45087882,686.637660346,2020.97187623
Philippines,PHL,1990,15212.9896348,9816.91098927,18823.821489
Philippines,PHL,1995,19213.9824894,11271.2812035,24395.4762194
Philippines,PHL,2000,24576.2888812,13506.5334878,31458.8428509
Philippines,PHL,2005,29906.1924091,15494.427436,38645.7581006
Philippines,PHL,2006,30907.3885448,15809.6745103,39896.5894784
Philippines,PHL,2010,36883.1788788,16935.2211111,43967.1054475
Philippines,PHL,2016,40715.4000293,16903.5254842,49564.3412813
Poland,POL,1990,27240.3707046,9381.57807245,45245.4284163
Poland,POL,1995,27582.305248,10285.4189195,41445.5023385
Poland,POL,2000,29624.7026995,8235.79196671,36997.4893209
Poland,POL,2005,30459.8519852,6398.84523547,36092.4743539
Poland,POL,2006,30750.564739,6100.71283671,36809.3770566
Poland,POL,2010,30606.9289898,4331.62382316,37544.4882258
Poland,POL,2016,26399.9513582,3093.9556212,36915.106885
Portugal,PRT,1990,5044.925996,966.613920716,4754.82294146
Portugal,PRT,1995,5555.48860791,1060.44426946,4582.58202795
Portugal,PRT,2000,6027.92186542,1152.61381836,4291.22965601
Portugal,PRT,2005,6674.0491743,1102.8731739,4243.07548441
Portugal,PRT,2006,6627.69249493,1096.97670343,4198.05132149
Portugal,PRT,2010,6713.30407327,949.311168565,4083.81063393
Portugal,PRT,2016,6253.22519083,806.367054157,3810.28625518
Puerto Rico,PRI,1990,1004.86311043,221.889818973,849.740144568
Puerto Rico,PRI,1995,1306.06886199,222.17682678,933.777683549
Puerto Rico,PRI,2000,1287.52162945,199.333050976,884.63789761
Puerto Rico,PRI,2005,1274.80758351,157.910106332,848.444115196
Puerto Rico,PRI,2006,1259.8581815,155.586802586,839.847121035
Puerto Rico,PRI,2010,1291.90453944,123.85188384,772.988189334
Puerto Rico,PRI,2016,1322.10141445,106.921899182,721.338265184
Qatar,QAT,1990,17.4396995629,45.2870432372,39.9160560096
Qatar,QAT,1995,22.9487369473,57.0041275098,48.9508779805
Qatar,QAT,2000,24.9965377666,57.9976209462,59.7239574488
Qatar,QAT,2005,25.4407199885,51.7140848279,73.6061764085
Qatar,QAT,2006,24.5243573018,50.1684893347,72.9735886059
Qatar,QAT,2010,33.0055479254,68.3557884285,82.8440112551
Qatar,QAT,2016,48.6516979961,79.064217635,116.597349394
Romania,ROU,1990,8961.6773496,4350.99720366,20863.784817
Romania,ROU,1995,10713.8377507,6039.678227,23697.4144101
Romania,ROU,2000,11757.5110243,5253.8605437,20191.6088278
Romania,ROU,2005,12864.9091552,4406.38671413,19676.1040454
Romania,ROU,2006,12935.0966996,4129.03778039,19343.6351388
Romania,ROU,2010,14414.1784123,3504.70740458,19817.9646984
Romania,ROU,2016,11845.4543166,3177.23895523,17814.9959431
Russia,RUS,1990,73754.907018,27501.3229995,161070.519858
Russia,RUS,1995,86217.3728547,62237.6616953,223546.289063
Russia,RUS,2000,107210.598252,59918.3297528,192562.141046
Russia,RUS,2005,104223.674685,65043.2715431,202834.749978
Russia,RUS,2006,99322.8387317,56587.4101743,185113.992704
Russia,RUS,2010,101832.378047,41560.9427617,160967.452649
Russia,RUS,2016,80013.4591966,31200.5099324,170857.894509
Rwanda,RWA,1990,294.443512626,493.556096143,900.006525003
Rwanda,RWA,1995,326.224161232,591.468646522,971.056915137
Rwanda,RWA,2000,578.863369717,545.036215869,847.084227107
Rwanda,RWA,2005,444.701149003,316.8456565,533.124003273
Rwanda,RWA,2006,462.575944604,303.646328568,537.432798352
Rwanda,RWA,2010,474.304881105,278.311695041,601.161796476
Rwanda,RWA,2016,523.755492897,344.787659143,792.444914397
Saint Lucia,LCA,1990,20.0089050208,9.30692065015,25.4728985485
Saint Lucia,LCA,1995,18.7475547394,9.63181169553,22.8469343018
Saint Lucia,LCA,2000,17.6930161386,9.37882776575,22.2695802062
Saint Lucia,LCA,2005,20.6923877323,10.4513274053,25.8820250773
Saint Lucia,LCA,2006,20.6656286774,10.4313338935,26.4088706609
Saint Lucia,LCA,2010,19.979930312,11.5947859486,27.9829085507
Saint Lucia,LCA,2016,23.1441501936,11.9056082752,35.6108489433
Saint Vincent and the Grenadines,VCT,1990,15.0078235137,4.85250666934,17.5886446377
Saint Vincent and the Grenadines,VCT,1995,16.7412379521,5.96847279446,18.4557123713
Saint Vincent and the Grenadines,VCT,2000,17.884802993,6.64998515811,19.1702373946
Saint Vincent and the Grenadines,VCT,2005,16.7952942105,7.23415007907,19.180923559
Saint Vincent and the Grenadines,VCT,2006,16.6929380078,7.0650255415,19.1991872649
Saint Vincent and the Grenadines,VCT,2010,16.1093002419,7.18413274738,20.4560223226
Saint Vincent and the Grenadines,VCT,2016,16.9238077417,7.54845229718,28.2043883245
Samoa,WSM,1990,30.8638997176,24.557884595,64.6948885047
Samoa,WSM,1995,37.2477982321,26.9639958867,64.613915712
Samoa,WSM,2000,38.6056986024,29.3323173141,59.9367717747
Samoa,WSM,2005,38.8908945254,29.013763202,59.3318512453
Samoa,WSM,2006,38.7947869379,28.6376068828,59.1162634645
Samoa,WSM,2010,39.6920915238,28.2869143368,63.0605750788
Samoa,WSM,2016,40.2273106834,26.5334240486,71.3887101409
Sao Tome and Principe,STP,1990,20.0688616636,2.52506208595,17.2652190002
Sao Tome and Principe,STP,1995,23.8220798697,2.3709210989,17.2448086572
Sao Tome and Principe,STP,2000,29.5375889136,2.8707992338,18.955524614
Sao Tome and Principe,STP,2005,31.9254393498,3.76620196425,18.2013633859
Sao Tome and Principe,STP,2006,32.3394245905,4.01746232737,17.6664353044
Sao Tome and Principe,STP,2010,31.8360703177,4.51175800453,15.4895247271
Sao Tome and Principe,STP,2016,29.9093803851,5.60266444582,19.6147284984
Saudi Arabia,SAU,1990,612.093152505,332.985387977,622.436274571
Saudi Arabia,SAU,1995,950.371989589,510.422776034,929.845716001
Saudi Arabia,SAU,2000,1339.99922987,655.025346391,1232.72619896
Saudi Arabia,SAU,2005,1564.28564915,828.912205505,1484.8775951
Saudi Arabia,SAU,2006,1590.46450092,860.269584857,1520.2475945
Saudi Arabia,SAU,2010,1692.2351557,960.78420712,1802.5308455
Saudi Arabia,SAU,2016,1652.01211852,1155.836142,2928.12530804
Scotland,,1990,9305.74584453,644.289233447,6795.1400063
Scotland,,1995,9307.64399802,577.311185576,5527.09946895
Scotland,,2000,8816.04509821,475.049412934,4422.10700985
Scotland,,2005,8468.99897437,457.143143335,3946.21773556
Scotland,,2006,8311.47039698,446.664158022,3825.12800694
Scotland,,2010,8038.54713374,395.748668071,3533.56166679
Scotland,,2016,8475.11397053,350.012328244,3556.75609602
Senegal,SEN,1990,391.243508093,495.181072847,1086.44912851
Senegal,SEN,1995,405.869944308,506.158114745,1099.21626242
Senegal,SEN,2000,436.394599491,536.030198341,1094.68080556
Senegal,SEN,2005,558.537253356,592.613885482,1183.44280108
Senegal,SEN,2006,594.549596066,608.110443292,1210.39290768
Senegal,SEN,2010,729.609186925,653.004140187,1263.17370201
Senegal,SEN,2016,1006.30192808,780.740517556,1431.24827572
Serbia,SRB,1990,3992.67161774,1505.36821146,8743.57127772
Serbia,SRB,1995,5404.64096684,1971.95335657,10479.9531788
Serbia,SRB,2000,7185.73770476,1968.05281752,10473.7011034
Serbia,SRB,2005,8376.77928012,1568.71353282,9975.0987195
Serbia,SRB,2006,8323.42282609,1480.72537302,9768.28811303
Serbia,SRB,2010,8351.83719772,1293.65503918,9488.14197914
Serbia,SRB,2016,7115.76839798,1248.06540066,9066.80108499
Seychelles,SYC,1990,25.4780574279,9.67849134476,31.5847645637
Seychelles,SYC,1995,28.7726374492,13.9430289199,33.3399867589
Seychelles,SYC,2000,31.1359931767,14.7612615988,28.0335895687
Seychelles,SYC,2005,31.6981448859,14.0714832302,26.9988063417
Seychelles,SYC,2006,30.6794330901,13.3306677591,27.3103995729
Seychelles,SYC,2010,28.813236928,11.9370396516,30.4015037417
Seychelles,SYC,2016,28.8986365769,11.1300808737,35.0554048341
Sierra Leone,SLE,1990,407.110590913,453.132225194,954.625388302
Sierra Leone,SLE,1995,331.481148087,407.187641541,857.607449593
Sierra Leone,SLE,2000,306.811697572,434.56497485,905.492251447
Sierra Leone,SLE,2005,386.471936205,562.700553745,1133.30553453
Sierra Leone,SLE,2006,407.017511995,583.556399266,1166.55436468
Sierra Leone,SLE,2010,463.344651481,652.056060411,1264.36858614
Sierra Leone,SLE,2016,551.886822095,703.446356488,1309.7117226
Singapore,SGP,1990,1077.55914369,211.988160586,1004.97273021
Singapore,SGP,1995,1122.70430188,191.527422437,903.131662011
Singapore,SGP,2000,1077.72011746,170.533219441,781.032272774
Singapore,SGP,2005,1100.4034295,149.558723239,727.997944595
Singapore,SGP,2006,1161.34952838,146.433877751,715.118066708
Singapore,SGP,2010,1048.08013967,120.407746058,686.528487427
Singapore,SGP,2016,1175.0116866,89.3941879996,684.573164602
Slovakia,SVK,1990,2697.88314076,1144.27341427,5653.18155877
Slovakia,SVK,1995,2636.85166887,1024.77068549,4597.6394059
Slovakia,SVK,2000,2621.99079272,933.180261938,4161.68311427
Slovakia,SVK,2005,2562.63033622,771.45140814,4021.67769632
Slovakia,SVK,2006,2548.24036666,737.654420703,4046.62854223
Slovakia,SVK,2010,2526.63339397,562.23069674,4069.93771286
Slovakia,SVK,2016,2687.40063748,434.931390998,3913.96077523
Slovenia,SVN,1990,1162.320556,264.61233025,1651.03438252
Slovenia,SVN,1995,1184.38429566,269.726891509,1636.48311773
Slovenia,SVN,2000,1370.60216296,257.925330135,1363.0964036
Slovenia,SVN,2005,1440.56273035,191.000259152,1180.04201894
Slovenia,SVN,2006,1407.2359767,178.271884781,1168.70411632
Slovenia,SVN,2010,1377.68604861,128.934768531,1056.33740874
Slovenia,SVN,2016,1313.17743305,86.9662573799,991.052681239
Solomon Islands,SLB,1990,89.8731251357,94.9703808149,176.567155677
Solomon Islands,SLB,1995,95.2661285039,100.984633896,195.614346717
Solomon Islands,SLB,2000,102.147006913,117.880470196,219.066479761
Solomon Islands,SLB,2005,125.489119418,155.130712318,254.161477238
Solomon Islands,SLB,2006,130.208087202,164.105158983,263.490844012
Solomon Islands,SLB,2010,149.275488308,192.450600161,297.13198924
Solomon Islands,SLB,2016,163.066179838,207.593226217,326.468888506
Somalia,SOM,1990,700.392760072,591.070119576,1169.08408602
Somalia,SOM,1995,688.994433739,590.949793718,1130.31346605
Somalia,SOM,2000,752.115745141,623.915187229,1211.35150368
Somalia,SOM,2005,780.899921776,638.945682787,1272.88426897
Somalia,SOM,2006,785.683724161,638.312466308,1277.13968873
Somalia,SOM,2010,771.573862587,646.429089178,1284.64426173
Somalia,SOM,2016,756.674766144,696.929317281,1390.30166367
South Africa,ZAF,1990,9499.29298285,7884.2130443,12664.1133937
South Africa,ZAF,1995,11246.4047105,7636.81309577,14600.6419493
South Africa,ZAF,2000,15220.8386851,10154.3494637,21537.9656515
South Africa,ZAF,2005,12811.1941212,9366.87804522,21009.8023099
South Africa,ZAF,2006,12859.3868335,8796.65370514,21456.4289439
South Africa,ZAF,2010,13549.3737532,5740.25806166,21288.2137527
South Africa,ZAF,2016,12409.9162992,5606.31267904,18642.2074639
South Asia,,1990,162585.440458,126476.347536,351252.405166
South Asia,,1995,189210.89318,141510.462057,384146.769633
South Asia,,2000,222536.048549,160977.292937,413090.347589
South Asia,,2005,254916.137269,170341.856422,439243.380759
South Asia,,2006,262808.22707,172438.37406,445225.842109
South Asia,,2010,304409.488821,177456.287258,480573.292413
South Asia,,2016,356440.07489,163215.353336,501885.880756
South Korea,KOR,1990,14323.6044276,5839.83090941,17485.8525227
South Korea,KOR,1995,18040.7773141,4386.02388837,16637.5004403
South Korea,KOR,2000,21711.1202683,4000.28769217,16482.8045559
South Korea,KOR,2005,22854.9039957,3265.09612902,14164.4576215
South Korea,KOR,2006,22935.6162442,3000.3034338,13430.2923271
South Korea,KOR,2010,24623.4887603,2246.21034764,11325.7872923
South Korea,KOR,2016,29980.9526114,1797.75434472,11822.5230661
South Sudan,SSD,1990,293.356429415,270.157540922,543.211404647
South Sudan,SSD,1995,338.640981684,267.825107348,590.894115978
South Sudan,SSD,2000,443.322769328,306.052013894,727.288800335
South Sudan,SSD,2005,523.820628906,360.837344848,793.912738928
South Sudan,SSD,2006,552.866933949,385.169882282,829.889538098
South Sudan,SSD,2010,637.563764935,445.375144655,915.456092305
South Sudan,SSD,2016,787.303256346,579.489678056,1132.18263676
Southeast Asia,,1990,143327.588489,61356.4749614,169454.740753
Southeast Asia,,1995,169588.295887,71334.9355563,188024.554748
Southeast Asia,,2000,196544.782018,83149.7194813,201618.619664
Southeast Asia,,2005,223555.944597,89369.8482403,219246.347299
Southeast Asia,,2006,228875.342811,90194.4087778,221938.387188
Southeast Asia,,2010,240361.001849,91086.1470392,235201.281504
Southeast Asia,,2016,256498.409527,88841.1717855,272291.15898
Southern Latin America,,1990,20864.6682979,6359.77540767,26621.5898216
Southern Latin America,,1995,22900.4621807,6016.37217123,25479.4639026
Southern Latin America,,2000,26097.5367119,5402.45991381,24246.6724478
Southern Latin America,,2005,27824.069942,4734.36429055,24072.3820397
Southern Latin America,,2006,27878.1887708,4629.40293512,24074.0741814
Southern Latin America,,2010,29181.9163891,4340.46163945,24493.9977547
Southern Latin America,,2016,30873.454237,3972.68297781,24488.4522102
Southern Sub-Saharan Africa,,1990,12364.6419387,8821.17864743,15934.0069755
Southern Sub-Saharan Africa,,1995,14232.3386953,8701.08699226,17974.3832211
Southern Sub-Saharan Africa,,2000,19492.8335139,12010.2503686,26679.1789773
Southern Sub-Saharan Africa,,2005,17997.1507926,11601.0663147,27174.1376124
Southern Sub-Saharan Africa,,2006,18061.4408625,11051.6459805,27621.5280571
Southern Sub-Saharan Africa,,2010,18687.2455753,8053.58615858,27248.4555113
Southern Sub-Saharan Africa,,2016,17115.3743513,8038.31650745,23857.233903
Spain,ESP,1990,25653.881792,3833.11726055,21640.4132001
Spain,ESP,1995,28594.2019218,3853.7618097,20338.4162068
Spain,ESP,2000,31916.997208,3913.70133144,18741.0453727
Spain,ESP,2005,34584.61062,3981.52684103,17767.5430525
Spain,ESP,2006,34080.941811,3932.52908382,17672.5898704
Spain,ESP,2010,33411.6152442,3412.00248788,18179.1641289
Spain,ESP,2016,33290.7381332,2714.25429628,17546.7322828
Sri Lanka,LKA,1990,3540.747336,1161.02660708,3256.29137015
Sri Lanka,LKA,1995,3429.97864049,1318.1286512,3897.5003239
Sri Lanka,LKA,2000,3646.79061963,1504.98967336,4570.19008671
Sri Lanka,LKA,2005,4031.2888121,1295.80811482,4720.86158723
Sri Lanka,LKA,2006,4127.70859043,1272.75523151,4785.10132165
Sri Lanka,LKA,2010,4038.41401611,1112.90986399,4875.29399103
Sri Lanka,LKA,2016,4160.63982446,906.705370794,4679.62877032
Sub-Saharan Africa,,1990,43035.6856601,33655.6883432,69571.3787406
Sub-Saharan Africa,,1995,49097.4262069,36434.1340575,76718.0148561
Sub-Saharan Africa,,2000,57726.3363951,41852.3772112,90232.8002668
Sub-Saharan Africa,,2005,57329.7768684,42039.0592257,91808.7831401
Sub-Saharan Africa,,2006,57944.0800698,42005.6925288,93106.0487056
Sub-Saharan Africa,,2010,61756.0405638,42122.5906824,97399.0442581
Sub-Saharan Africa,,2016,66407.5201772,46207.9205982,102694.699065
Sudan,SDN,1990,1783.73176592,1844.32565188,3452.28101949
Sudan,SDN,1995,2185.85330144,2273.37322157,4232.59068212
Sudan,SDN,2000,2536.88651309,2431.16222279,4700.73278583
Sudan,SDN,2005,2918.82425472,2537.33883267,5090.5313814
Sudan,SDN,2006,2973.54505918,2570.05510103,5124.91133516
Sudan,SDN,2010,3056.45426669,2669.4856347,5079.29909118
Sudan,SDN,2016,3462.57866627,3058.69922456,5914.037978
Suriname,SUR,1990,52.2776230136,32.0265529849,93.2259892421
Suriname,SUR,1995,63.3098699203,37.1202343187,101.553616418
Suriname,SUR,2000,82.6400322594,41.3240355051,117.101626404
Suriname,SUR,2005,101.844324423,46.3653431732,132.956504775
Suriname,SUR,2006,105.09979106,46.8929617311,134.928335176
Suriname,SUR,2010,113.025688902,51.2922990277,146.536023042
Suriname,SUR,2016,127.115128243,51.4535741118,180.796188368
Swaziland,SWZ,1990,127.378754362,62.157163655,218.702324754
Swaziland,SWZ,1995,134.55641906,67.2934976322,225.31937465
Swaziland,SWZ,2000,193.991805033,97.6258586946,335.272445236
Swaziland,SWZ,2005,243.128831101,115.9309545,374.627167611
Swaziland,SWZ,2006,244.333483563,114.312514802,372.610597614
Swaziland,SWZ,2010,242.186768285,112.855367779,367.61762599
Swaziland,SWZ,2016,231.647144589,97.3987091135,322.510889704
Sweden,SWE,1990,7177.58065696,543.728239235,3706.75315131
Sweden,SWE,1995,6950.08683572,422.72372732,3156.31471267
Sweden,SWE,2000,7224.30632598,317.783269853,3045.27792184
Sweden,SWE,2005,7228.58939948,234.429745222,3156.9075138
Sweden,SWE,2006,7143.04478144,215.701239346,3093.44251788
Sweden,SWE,2010,6939.32284647,152.765408733,2866.39104589
Sweden,SWE,2016,7426.20343974,123.970990336,2586.49894555
Switzerland,CHE,1990,4675.8878746,532.538950744,3403.99569772
Switzerland,CHE,1995,4968.04329893,524.885538305,3179.38058983
Switzerland,CHE,2000,5125.60351358,456.700046091,2956.63636545
Switzerland,CHE,2005,4956.8005869,409.031722845,2763.36104205
Switzerland,CHE,2006,4989.17833774,377.789503616,2735.8509143
Switzerland,CHE,2010,5197.13381933,313.242478007,2705.35000305
Switzerland,CHE,2016,5497.58571263,229.034494217,2563.20570633
Syria,SYR,1990,1542.68677136,1347.32626889,2577.16380531
Syria,SYR,1995,1850.03149204,1636.85149575,2831.26735172
Syria,SYR,2000,2401.99407113,1882.77116257,3232.11117194
Syria,SYR,2005,2513.82268677,1744.79491074,3660.3092581
Syria,SYR,2006,2528.13027726,1741.68461293,3709.62194749
Syria,SYR,2010,2781.53658862,1907.8089085,4000.18823995
Syria,SYR,2016,2814.89982716,1567.37468867,4021.64872191
Taiwan,TWN,1990,7079.7168956,2311.40566732,8587.63246045
Taiwan,TWN,1995,9864.70707877,2882.53345382,9104.38893049
Taiwan,TWN,2000,12628.319785,3362.82742677,8404.714929
Taiwan,TWN,2005,14523.9304153,3548.00797993,8666.57925293
Taiwan,TWN,2006,14650.2124029,3542.65101484,8695.16697429
Taiwan,TWN,2010,16206.8260685,3163.19692274,8855.70462378
Taiwan,TWN,2016,18095.2225247,2600.83148418,9837.44451268
Tajikistan,TJK,1990,523.182636444,362.51848295,1299.24984913
Tajikistan,TJK,1995,314.717065767,428.491768858,1013.76061694
Tajikistan,TJK,2000,282.609461471,352.75494553,712.772221559
Tajikistan,TJK,2005,286.207561412,300.551569405,629.857926036
Tajikistan,TJK,2006,259.653260705,301.668351063,593.767327775
Tajikistan,TJK,2010,250.44137167,264.178008256,584.886675466
Tajikistan,TJK,2016,187.606469772,260.515812913,627.821379332
Tanzania,TZA,1990,1618.82085488,1480.70434249,3017.93250577
Tanzania,TZA,1995,1944.99897285,1744.2492134,3608.64870612
Tanzania,TZA,2000,2262.42653474,1956.29339932,4081.07215305
Tanzania,TZA,2005,2971.74420462,2041.84818499,4555.17566537
Tanzania,TZA,2006,3082.7120479,2094.54767268,4671.33113892
Tanzania,TZA,2010,3543.00154889,2414.29761509,5332.44479681
Tanzania,TZA,2016,4221.18515037,2631.45343404,6342.96617563
Thailand,THA,1990,20473.364893,7515.37247827,23471.1844518
Thailand,THA,1995,24020.9576333,10234.3815779,25133.2657127
Thailand,THA,2000,29164.0597836,11455.0111689,25831.6901548
Thailand,THA,2005,33191.0243167,9902.5129976,25026.6931131
Thailand,THA,2006,34194.7812208,9702.0639544,24804.1172804
Thailand,THA,2010,33861.7378053,8913.58952007,23941.8507125
Thailand,THA,2016,38198.0910797,9055.81939801,28174.7655208
Timor,TLS,1990,78.8197563676,101.601381931,169.892245927
Timor,TLS,1995,93.9212140531,103.919217757,203.336264341
Timor,TLS,2000,99.9468797202,74.6801241759,197.065669271
Timor,TLS,2005,134.819437568,77.9721911616,241.842241069
Timor,TLS,2006,141.565527069,72.8916634502,248.320335837
Timor,TLS,2010,190.855995317,67.2143027268,302.374968585
Timor,TLS,2016,270.128983463,75.019451852,301.171788604
Togo,TGO,1990,309.311129904,183.023147086,555.364389767
Togo,TGO,1995,349.280617767,218.793962576,648.763753361
Togo,TGO,2000,379.381180076,266.798074998,756.972993825
Togo,TGO,2005,409.150042958,314.913646574,842.305838402
Togo,TGO,2006,415.631137186,324.152330848,854.99466714
Togo,TGO,2010,465.19181685,384.460862776,975.574817208
Togo,TGO,2016,550.552763881,439.422360959,1089.98403784
Tonga,TON,1990,42.6805099285,12.9234036271,43.5794638938
Tonga,TON,1995,51.1398563387,14.2298776001,47.498292701
Tonga,TON,2000,56.3347659013,15.4476223878,43.7741876834
Tonga,TON,2005,58.4084541898,16.4789717989,40.467678897
Tonga,TON,2006,58.1611713421,16.237607922,39.5487549831
Tonga,TON,2010,58.9810882994,16.3816246517,39.6678612884
Tonga,TON,2016,57.3171243235,16.3654258868,41.3926187048
Trinidad and Tobago,TTO,1990,278.62778941,106.752195822,358.833163224
Trinidad and Tobago,TTO,1995,286.362923003,118.845063992,353.453499619
Trinidad and Tobago,TTO,2000,272.576270441,110.494177405,374.622313287
Trinidad and Tobago,TTO,2005,232.897654579,106.617616088,352.900423103
Trinidad and Tobago,TTO,2006,229.830707173,105.169536928,353.765394194
Trinidad and Tobago,TTO,2010,235.235400937,111.615235961,371.251157287
Trinidad and Tobago,TTO,2016,257.889513793,121.514985039,431.927755502
Tropical Latin America,,1990,41710.4981284,20458.8547105,54533.3334897
Tropical Latin America,,1995,47345.948318,21301.4805074,57914.4564057
Tropical Latin America,,2000,52419.6648955,20572.3214203,57409.2517873
Tropical Latin America,,2005,55039.6655168,18597.7929845,57507.5807549
Tropical Latin America,,2006,55508.3932472,18143.7684854,57668.4846606
Tropical Latin America,,2010,57306.7905528,15810.3628277,58468.1167382
Tropical Latin America,,2016,63116.1687055,12232.5338484,59989.2238595
Tunisia,TUN,1990,2513.9857134,609.234394717,2569.0746765
Tunisia,TUN,1995,3160.92009079,729.078940572,2813.32617169
Tunisia,TUN,2000,3095.43537048,880.664281589,2700.3440299
Tunisia,TUN,2005,3659.56640467,923.870913021,2758.21805756
Tunisia,TUN,2006,3816.65918047,929.263341371,2803.15547916
Tunisia,TUN,2010,4196.83357684,938.400742094,3098.36317978
Tunisia,TUN,2016,4894.16143152,901.547528939,4059.14660447
Turkey,TUR,1990,17390.0302266,8596.3682999,27015.3467474
Turkey,TUR,1995,21687.2498493,9521.61669425,28944.6850346
Turkey,TUR,2000,23233.7429157,8626.42321885,25512.9080427
Turkey,TUR,2005,23161.3906578,7682.93475289,23172.3028242
Turkey,TUR,2006,22676.4125985,7403.5213311,22933.0625313
Turkey,TUR,2010,22052.4660985,6577.30379977,25682.5082671
Turkey,TUR,2016,24280.2346609,7112.27908481,27238.9385561
Turkmenistan,TKM,1990,288.258992601,364.884759462,1214.00116413
Turkmenistan,TKM,1995,301.873881507,555.309180267,1304.84915961
Turkmenistan,TKM,2000,359.414139775,702.190233598,1129.49949786
Turkmenistan,TKM,2005,353.363115566,706.377793325,1046.1799614
Turkmenistan,TKM,2006,352.800143066,690.974943263,1038.60798043
Turkmenistan,TKM,2010,351.014702468,589.200217749,1073.69575291
Turkmenistan,TKM,2016,292.487466778,518.987244058,1227.70978458
Uganda,UGA,1990,1207.89233083,1116.35761583,2345.35363404
Uganda,UGA,1995,1461.19445767,1329.93535934,2747.25281969
Uganda,UGA,2000,1728.48635358,1492.78278986,3057.4072048
Uganda,UGA,2005,2258.71891443,1689.86799718,3389.52655726
Uganda,UGA,2006,2354.15342861,1758.0249068,3486.6241267
Uganda,UGA,2010,2495.67271158,1890.1877074,3567.33220053
Uganda,UGA,2016,3072.83882234,1942.32097065,4116.8816161
Ukraine,UKR,1990,37002.3119566,10591.3025949,65214.8278234
Ukraine,UKR,1995,40619.3179711,18779.4726703,84918.3815017
Ukraine,UKR,2000,39969.1473642,17063.4634587,65744.6379869
Ukraine,UKR,2005,38388.4889072,18198.6695785,67054.9426053
Ukraine,UKR,2006,37714.7721658,16808.3464084,62564.1407621
Ukraine,UKR,2010,37656.0225625,10872.7761311,47636.5462133
Ukraine,UKR,2016,29288.911686,8922.60093017,46663.1048707
United Arab Emirates,ARE,1990,55.609170487,197.537370434,140.481427412
United Arab Emirates,ARE,1995,67.2006421807,260.673231402,186.535446517
United Arab Emirates,ARE,2000,81.4338586758,297.936927512,226.111932382
United Arab Emirates,ARE,2005,93.5507590762,389.235202833,309.711852926
United Arab Emirates,ARE,2006,99.0757071305,445.56839777,345.767396081
United Arab Emirates,ARE,2010,159.032597346,846.486647123,635.275233748
United Arab Emirates,ARE,2016,240.313928411,1099.38573788,1259.98843436
United Kingdom,GBR,1990,88107.0905393,5392.12738655,53233.9389779
United Kingdom,GBR,1995,87487.863403,4915.39877136,41713.5357832
United Kingdom,GBR,2000,82954.9141634,4123.18005978,34269.4945198
United Kingdom,GBR,2005,79057.2659136,3797.39634867,30651.7164739
United Kingdom,GBR,2006,77439.2853142,3728.62989918,29883.2952839
United Kingdom,GBR,2010,74661.6097117,3361.03930082,28149.1683762
United Kingdom,GBR,2016,79405.2313449,2945.46656105,28903.7915571
United States,USA,1990,218691.759481,28573.153506,179409.46809
United States,USA,1995,247624.137004,29248.3945576,165497.352865
United States,USA,2000,270076.085754,29786.2739325,156653.85983
United States,USA,2005,268685.52965,28837.8231813,161704.884865
United States,USA,2006,264114.421502,27636.1108594,161442.523363
United States,USA,2010,255668.195213,22210.3889546,163062.304234
United States,USA,2016,279050.361895,18742.7616182,181903.018526
United States Virgin Islands,VIR,1990,17.3875333428,7.83029106321,25.9229828449
United States Virgin Islands,VIR,1995,21.1878986296,8.30798261948,32.05727873
United States Virgin Islands,VIR,2000,26.3794151271,7.86281716451,38.5841494184
United States Virgin Islands,VIR,2005,31.1774134331,7.41447244316,42.5568427724
United States Virgin Islands,VIR,2006,32.3963066014,7.35915474356,43.5348219048
United States Virgin Islands,VIR,2010,37.2236231927,6.40752564917,45.7974530777
United States Virgin Islands,VIR,2016,47.6475172284,4.76572137536,41.939677222
Uruguay,URY,1990,2269.84060747,430.403496661,2564.6288161
Uruguay,URY,1995,2494.60632417,422.724031491,2511.31462082
Uruguay,URY,2000,2580.15567252,374.867681329,2256.38697337
Uruguay,URY,2005,2616.59135752,336.092088613,2097.13563893
Uruguay,URY,2006,2584.31426641,326.613847987,2082.99846031
Uruguay,URY,2010,2603.82654082,292.797960839,2052.41262992
Uruguay,URY,2016,2581.56841228,250.32689751,1983.48145301
Uzbekistan,UZB,1990,2069.03545062,1653.56151863,6139.1707447
Uzbekistan,UZB,1995,2447.82154267,2642.85717606,7755.87887514
Uzbekistan,UZB,2000,3326.14490813,3317.55289881,7669.18948853
Uzbekistan,UZB,2005,3876.25715904,3762.12135107,8069.55256384
Uzbekistan,UZB,2006,3819.92761313,3804.99538382,7788.90772145
Uzbekistan,UZB,2010,3685.55721065,3467.8425254,7175.42672272
Uzbekistan,UZB,2016,3241.70210143,3052.24385368,8137.99837145
Vanuatu,VUT,1990,63.3997401122,37.7425058375,71.0959658775
Vanuatu,VUT,1995,68.9996965393,45.1078888524,81.1443551296
Vanuatu,VUT,2000,72.0325238213,48.5506633453,85.3483610768
Vanuatu,VUT,2005,70.5315167291,53.6305224985,91.841552052
Vanuatu,VUT,2006,69.2650920262,53.7184800476,92.1606175428
Vanuatu,VUT,2010,69.370385802,56.4250383263,94.5134525556
Vanuatu,VUT,2016,82.9283394016,67.0312428728,107.624039753
Venezuela,VEN,1990,3167.6938313,1448.20148834,4270.12853932
Venezuela,VEN,1995,3532.6057001,1691.14865442,4488.77024751
Venezuela,VEN,2000,4006.11167778,1841.3789873,4721.08570195
Venezuela,VEN,2005,4633.45300398,1832.4872844,5243.32890155
Venezuela,VEN,2006,4914.04437188,1913.52678623,5588.75383866
Venezuela,VEN,2010,5490.48014748,1856.3304865,6299.35866898
Venezuela,VEN,2016,6463.51068514,1755.46210974,7051.44881567
Vietnam,VNM,1990,39557.481452,8582.78568051,31275.2440882
Vietnam,VNM,1995,50003.889813,10741.889699,33955.1854276
Vietnam,VNM,2000,57853.6372928,12186.3242944,34525.407017
Vietnam,VNM,2005,63466.6078823,12718.1492246,34699.8912099
Vietnam,VNM,2006,64354.846046,12714.5491135,35153.6586684
Vietnam,VNM,2010,63834.8246573,12336.8751065,37829.306821
Vietnam,VNM,2016,64940.8206335,11368.8692475,47734.4798468
Wales,,1990,4877.57379265,275.110342456,3101.10022704
Wales,,1995,4907.91074791,248.618825197,2371.36648017
Wales,,2000,4528.54316443,203.131067264,1908.17609722
Wales,,2005,4142.38097328,190.182877479,1732.14956561
Wales,,2006,4041.24570537,187.276462089,1698.35477246
Wales,,2010,3930.99168794,169.711095597,1630.34765263
Wales,,2016,4188.67169898,156.449584456,1713.68094276
Western Europe,,1990,346800.197276,37728.4902324,267688.875907
Western Europe,,1995,356709.058355,36781.4265868,238068.854507
Western Europe,,2000,363190.642782,34121.1533699,207812.898262
Western Europe,,2005,363384.614126,30519.9973971,192571.150936
Western Europe,,2006,363482.361161,29606.5612635,190545.273144
Western Europe,,2010,371730.918223,25529.504959,186911.877802
Western Europe,,2016,385479.149018,21031.3220493,182460.30626
Western Sub-Saharan Africa,,1990,13344.5541905,9255.86563658,20696.0522023
Western Sub-Saharan Africa,,1995,14790.953805,10471.2728083,22702.1821185
Western Sub-Saharan Africa,,2000,15981.3454811,11318.5143201,25105.9629448
Western Sub-Saharan Africa,,2005,14289.0239974,11208.1665246,24557.3123773
Western Sub-Saharan Africa,,2006,14078.4169036,11342.6532201,24637.2700459
Western Sub-Saharan Africa,,2010,14488.0489483,12041.9971137,24984.118285
Western Sub-Saharan Africa,,2016,16024.7848815,13457.3238088,27057.0116273
World,OWID_WRL,1990,2114887.17992,600929.591973,2354147.46922
World,OWID_WRL,1995,2417505.23849,729146.30511,2491804.44578
World,OWID_WRL,2000,2702605.11448,770099.772468,2471727.20486
World,OWID_WRL,2005,2868938.19018,763896.60887,2529789.22972
World,OWID_WRL,2006,2844460.35842,748337.428211,2489155.89943
World,OWID_WRL,2010,2957576.36378,701950.054072,2512141.82677
World,OWID_WRL,2016,3032174.05458,627862.834684,2661061.06711
Yemen,YEM,1990,1682.67310165,1572.20409464,2982.73549788
Yemen,YEM,1995,2752.07566253,2332.72951584,4127.69255714
Yemen,YEM,2000,2877.27821978,2425.85316716,4649.32378977
Yemen,YEM,2005,2732.89758375,2329.62942274,5271.00869232
Yemen,YEM,2006,2670.54584405,2296.39998904,5344.73582743
Yemen,YEM,2010,2440.01732443,2167.81309035,5437.30444491
Yemen,YEM,2016,3048.56377931,2777.79510603,6441.04372492
Zambia,ZMB,1990,883.482968856,205.318634614,719.557322489
Zambia,ZMB,1995,1334.40959387,395.586336804,1242.93943858
Zambia,ZMB,2000,1837.82580944,664.906744959,1921.99562697
Zambia,ZMB,2005,2363.60084448,932.451894166,2553.31486787
Zambia,ZMB,2006,2441.83521929,990.008530445,2636.31941385
Zambia,ZMB,2010,2676.56365571,1301.98031682,2937.0540876
Zambia,ZMB,2016,2731.00112397,1517.2759417,2838.9633369
Zimbabwe,ZWE,1990,1955.11392714,499.103535524,1816.53959503
Zimbabwe,ZWE,1995,1858.7153187,490.861625172,1672.02497697
Zimbabwe,ZWE,2000,2752.02242598,972.750787314,2802.85170392
Zimbabwe,ZWE,2005,3493.39425717,1297.9172835,3566.76101782
Zimbabwe,ZWE,2006,3494.31674232,1322.98796357,3575.70292285
Zimbabwe,ZWE,2010,3461.30518277,1412.77734148,3495.30238645
Zimbabwe,ZWE,2016,3087.22521748,1438.7429002,2833.68647238