Entity,Code,Year,Smoking (deaths),Secondhand smoke (deaths)
Afghanistan,AFG,1990,6797.08373986,2431.42492653
Afghanistan,AFG,1995,10589.3769265,3890.17636483
Afghanistan,AFG,2000,12986.7553653,4748.46392149
Afghanistan,AFG,2005,15869.8187985,5694.58937293
Afghanistan,AFG,2006,16336.5709403,5660.14728192
Afghanistan,AFG,2010,17676.50263,5543.46968487
Afghanistan,AFG,2016,20951.9156545,6644.75356033
Albania,ALB,1990,2291.46972148,702.687385371
Albania,ALB,1995,2476.70957399,634.943592323
Albania,ALB,2000,2924.8336651,517.498975933
Albania,ALB,2005,3310.46787281,541.0979503
Albania,ALB,2006,3317.37983128,534.694560687
Albania,ALB,2010,3385.03389267,515.148869325
Albania,ALB,2016,3637.96237367,540.242350912
Algeria,DZA,1990,8612.26346761,3574.84457426
Algeria,DZA,1995,9102.994681,3307.17611239
Algeria,DZA,2000,9238.3401009,3382.44904744
Algeria,DZA,2005,9431.25636807,3450.97065718
Algeria,DZA,2006,9354.48391551,3572.46464833
Algeria,DZA,2010,9480.61384339,4193.63638789
Algeria,DZA,2016,10075.5614415,5252.90296291
American Samoa,ASM,1990,34.5330259952,3.94863677868
American Samoa,ASM,1995,36.6883031536,4.47363581412
American Samoa,ASM,2000,36.8769075965,4.90716720396
American Samoa,ASM,2005,39.9797112051,5.30529881682
American Samoa,ASM,2006,39.9820109743,5.3294072433
American Samoa,ASM,2010,41.3569305439,5.62477402212
American Samoa,ASM,2016,48.2466110325,6.79434794935
Andean Latin America,,1990,10091.9192766,3720.97346137
Andean Latin America,,1995,11752.7422196,3286.30803428
Andean Latin America,,2000,11123.8160928,2803.14536683
Andean Latin America,,2005,11706.834421,2547.81261134
Andean Latin America,,2006,11727.5739088,2456.23569105
Andean Latin America,,2010,12913.4078886,2311.24803131
Andean Latin America,,2016,13691.7603161,2381.66234839
Andorra,AND,1990,56.1799182612,4.74246919623
Andorra,AND,1995,64.2477998844,5.15784369078
Andorra,AND,2000,60.3109021105,3.9751164653
Andorra,AND,2005,72.278245351,4.30643261951
Andorra,AND,2006,74.6210410669,4.43555569707
Andorra,AND,2010,83.9247011373,4.80282620102
Andorra,AND,2016,95.804126922,5.09793347986
Angola,AGO,1990,3090.06931971,1577.61731584
Angola,AGO,1995,3459.54882149,1637.73482705
Angola,AGO,2000,3506.42763972,1635.48581656
Angola,AGO,2005,3786.30543783,1700.14485361
Angola,AGO,2006,3871.39519431,1685.6763218
Angola,AGO,2010,4263.8645488,1667.68338976
Angola,AGO,2016,5209.53477254,1301.79248306
Antigua and Barbuda,ATG,1990,11.649442486,7.11871938724
Antigua and Barbuda,ATG,1995,11.1455559032,7.7594077141
Antigua and Barbuda,ATG,2000,11.0432809035,7.37338601614
Antigua and Barbuda,ATG,2005,9.98225714897,7.39792682327
Antigua and Barbuda,ATG,2006,10.1275900636,7.50980578464
Antigua and Barbuda,ATG,2010,10.033200474,7.0081367385
Antigua and Barbuda,ATG,2016,11.4764639236,7.2838691172
Argentina,ARG,1990,39378.2242725,4532.14942157
Argentina,ARG,1995,39852.7429191,4544.91236755
Argentina,ARG,2000,41872.7023492,4943.47843973
Argentina,ARG,2005,42349.9775748,4898.19706258
Argentina,ARG,2006,42397.4162778,4891.77314498
Argentina,ARG,2010,43059.2538284,5013.5361639
Argentina,ARG,2016,43690.9440192,4972.1764083
Armenia,ARM,1990,4009.96501435,969.100162061
Armenia,ARM,1995,4859.37522656,983.507027848
Armenia,ARM,2000,4561.77872657,985.767937629
Armenia,ARM,2005,4932.97244988,941.126522639
Armenia,ARM,2006,5098.57146115,953.801528481
Armenia,ARM,2010,4904.82385182,915.279221137
Armenia,ARM,2016,4346.19440691,878.38116814
Australasia,,1990,25542.3794955,1510.33731319
Australasia,,1995,24689.7171574,1448.09232883
Australasia,,2000,23226.7778903,1401.89282443
Australasia,,2005,22278.5862778,1321.04672871
Australasia,,2006,22497.8475406,1314.19079057
Australasia,,2010,23405.3935318,1246.13694001
Australasia,,2016,25723.6252451,1375.0957906
Australia,AUS,1990,20673.3100196,1260.32710807
Australia,AUS,1995,20013.0491766,1214.67350233
Australia,AUS,2000,18892.4385379,1185.3887485
Australia,AUS,2005,18133.1031024,1110.85492723
Australia,AUS,2006,18316.0670112,1101.92842193
Australia,AUS,2010,19261.7101638,1045.9037966
Australia,AUS,2016,21266.7408612,1166.24495145
Austria,AUT,1990,11173.1749739,682.780368894
Austria,AUT,1995,10647.2833665,640.142793185
Austria,AUT,2000,10159.4932512,690.129289208
Austria,AUT,2005,9468.64756374,668.67501663
Austria,AUT,2006,9365.86669159,646.785848952
Austria,AUT,2010,9315.69512249,575.69218358
Austria,AUT,2016,9688.40068366,570.825665106
Azerbaijan,AZE,1990,5970.22129525,2712.68654493
Azerbaijan,AZE,1995,6935.58025799,2772.96136333
Azerbaijan,AZE,2000,6915.55268603,2455.05917754
Azerbaijan,AZE,2005,7630.74707523,2545.39997195
Azerbaijan,AZE,2006,7829.93234635,2597.6618587
Azerbaijan,AZE,2010,8692.6592243,3009.46961982
Azerbaijan,AZE,2016,9429.58776481,2820.35732445
Bahamas,BHS,1990,98.1500440619,13.382722335
Bahamas,BHS,1995,109.396370714,16.0899637796
Bahamas,BHS,2000,109.748146501,17.4261910991
Bahamas,BHS,2005,122.367133676,18.7907414604
Bahamas,BHS,2006,118.707580323,19.2923947951
Bahamas,BHS,2010,130.761032355,23.0290758011
Bahamas,BHS,2016,156.246512977,30.2445350451
Bahrain,BHR,1990,280.879841547,38.3630381339
Bahrain,BHR,1995,288.090494353,45.5140387024
Bahrain,BHR,2000,266.301035692,50.6178159962
Bahrain,BHR,2005,256.39027957,58.660851498
Bahrain,BHR,2006,258.154575534,61.1786108514
Bahrain,BHR,2010,255.512128003,69.6017106705
Bahrain,BHR,2016,286.786656889,80.9505073266
Bangladesh,BGD,1990,82655.5913282,17331.1919235
Bangladesh,BGD,1995,86813.9997447,13455.6008136
Bangladesh,BGD,2000,90648.8071446,12880.3889048
Bangladesh,BGD,2005,89935.7856173,14669.2373204
Bangladesh,BGD,2006,93758.4293743,14459.7387442
Bangladesh,BGD,2010,108532.375887,13982.751797
Bangladesh,BGD,2016,145617.122589,14412.0253203
Barbados,BRB,1990,71.5651745517,18.3707981364
Barbados,BRB,1995,77.0826301562,20.6929336343
Barbados,BRB,2000,67.8254234889,20.3750613663
Barbados,BRB,2005,64.4694105075,19.8294185045
Barbados,BRB,2006,64.7543719426,19.6509181352
Barbados,BRB,2010,63.3999268984,18.3845204881
Barbados,BRB,2016,73.1600072915,21.7407468945
Belarus,BLR,1990,17671.133027,2850.03310478
Belarus,BLR,1995,23055.8398562,2886.80103014
Belarus,BLR,2000,23154.6409967,2718.18862818
Belarus,BLR,2005,22739.9239596,2738.69161094
Belarus,BLR,2006,21689.7834869,2633.85872995
Belarus,BLR,2010,19855.3835702,2431.40073268
Belarus,BLR,2016,15892.4256139,2101.717943
Belgium,BEL,1990,20230.3336831,1195.40222481
Belgium,BEL,1995,20397.2811444,1102.98138257
Belgium,BEL,2000,19356.4652135,1002.66765071
Belgium,BEL,2005,18220.8351525,840.352650833
Belgium,BEL,2006,17924.8832265,813.012333446
Belgium,BEL,2010,18210.7148276,774.14379114
Belgium,BEL,2016,18110.9062868,785.472985314
Belize,BLZ,1990,46.4916017031,16.0298223707
Belize,BLZ,1995,70.8378320666,15.9389214259
Belize,BLZ,2000,89.841908443,16.1370314255
Belize,BLZ,2005,87.694925537,14.4940412335
Belize,BLZ,2006,88.8680084495,14.484969696
Belize,BLZ,2010,99.4369283165,15.1770063488
Belize,BLZ,2016,122.123486895,16.4516691385
Benin,BEN,1990,1091.90970594,633.667528219
Benin,BEN,1995,1266.96696327,698.096067231
Benin,BEN,2000,1471.16388475,613.973418478
Benin,BEN,2005,1708.17237851,515.291094538
Benin,BEN,2006,1765.75411838,499.010631777
Benin,BEN,2010,2085.53418364,481.533981406
Benin,BEN,2016,2430.80937104,451.560943119
Bermuda,BMU,1990,66.1042724734,7.3989599675
Bermuda,BMU,1995,66.773697039,7.55435936874
Bermuda,BMU,2000,69.7189337265,6.87429604903
Bermuda,BMU,2005,56.0808563272,5.45920469819
Bermuda,BMU,2006,55.8216548635,5.420847567
Bermuda,BMU,2010,51.0459796007,4.76991273978
Bermuda,BMU,2016,47.6743613782,4.21943538979
Bhutan,BTN,1990,120.597660151,109.916811919
Bhutan,BTN,1995,103.000745762,86.5982099453
Bhutan,BTN,2000,93.1364039997,84.4294151089
Bhutan,BTN,2005,102.539702779,74.7826605282
Bhutan,BTN,2006,103.114008208,72.017746545
Bhutan,BTN,2010,112.972137775,66.3868596811
Bhutan,BTN,2016,141.62560158,72.5959707613
Bolivia,BOL,1990,3038.23726729,1008.73829964
Bolivia,BOL,1995,3007.23456534,858.165360188
Bolivia,BOL,2000,2892.89522407,721.99978485
Bolivia,BOL,2005,3127.67235326,646.58010381
Bolivia,BOL,2006,3157.0177816,621.556318905
Bolivia,BOL,2010,3475.51094395,568.835204606
Bolivia,BOL,2016,4133.32577976,563.968009352
Bosnia and Herzegovina,BIH,1990,6763.58401484,591.312295979
Bosnia and Herzegovina,BIH,1995,6825.70520202,610.005741415
Bosnia and Herzegovina,BIH,2000,6613.79713275,610.229409209
Bosnia and Herzegovina,BIH,2005,7214.53629301,708.90092349
Bosnia and Herzegovina,BIH,2006,7309.17199017,721.465392133
Bosnia and Herzegovina,BIH,2010,7440.40243564,833.895925656
Bosnia and Herzegovina,BIH,2016,7852.79912054,887.413775353
Botswana,BWA,1990,619.421857188,153.492819495
Botswana,BWA,1995,858.200920744,183.439231808
Botswana,BWA,2000,1280.53722173,269.012054411
Botswana,BWA,2005,1289.10283797,282.168389536
Botswana,BWA,2006,1267.77038055,272.452975598
Botswana,BWA,2010,1230.75181969,247.411501142
Botswana,BWA,2016,1308.16790273,262.346551505
Brazil,BRA,1990,115110.045569,19903.5080803
Brazil,BRA,1995,124631.040285,19395.4264369
Brazil,BRA,2000,128114.662135,17605.2209956
Brazil,BRA,2005,128397.643084,16502.1137557
Brazil,BRA,2006,128483.101726,16296.2804971
Brazil,BRA,2010,128433.163671,16189.0067571
Brazil,BRA,2016,131902.912524,22163.701836
Brunei,BRN,1990,114.010002632,14.1853279707
Brunei,BRN,1995,127.164444432,15.1330767223
Brunei,BRN,2000,114.292734837,14.2209963931
Brunei,BRN,2005,131.070096733,16.3415947036
Brunei,BRN,2006,136.782854527,16.9875761378
Brunei,BRN,2010,156.202327011,18.8933448383
Brunei,BRN,2016,212.758357388,23.9976366115
Bulgaria,BGR,1990,18242.1108958,2841.93887878
Bulgaria,BGR,1995,19170.2656819,3004.15355906
Bulgaria,BGR,2000,18051.2590711,3044.23062635
Bulgaria,BGR,2005,17812.8236965,2843.74272299
Bulgaria,BGR,2006,17714.8799008,2851.31938588
Bulgaria,BGR,2010,16199.3836391,2635.79708069
Bulgaria,BGR,2016,14909.9879401,2445.76944889
Burkina Faso,BFA,1990,3015.19346411,1689.97824991
Burkina Faso,BFA,1995,3279.61805228,1513.33191467
Burkina Faso,BFA,2000,3785.38519706,1354.18657118
Burkina Faso,BFA,2005,4090.38918487,1320.38902692
Burkina Faso,BFA,2006,4128.19367741,1286.48775608
Burkina Faso,BFA,2010,3715.37856644,1182.19652674
Burkina Faso,BFA,2016,3587.52398695,1293.515525
Burundi,BDI,1990,2158.91186561,729.736573969
Burundi,BDI,1995,2248.56357364,632.994081727
Burundi,BDI,2000,1898.50037891,641.822716361
Burundi,BDI,2005,1682.93387095,644.248921476
Burundi,BDI,2006,1669.83502392,611.979269357
Burundi,BDI,2010,1730.170275,526.985539904
Burundi,BDI,2016,2051.35552667,543.286748834
Cambodia,KHM,1990,7622.67803213,2929.82391393
Cambodia,KHM,1995,9120.4854385,3028.66657566
Cambodia,KHM,2000,10401.8399156,3170.62353643
Cambodia,KHM,2005,11516.5822594,2842.3494182
Cambodia,KHM,2006,11453.4411662,2715.17986891
Cambodia,KHM,2010,11912.9529762,2354.28862657
Cambodia,KHM,2016,13201.451952,2098.86665078
Cameroon,CMR,1990,3327.19888669,1024.22226162
Cameroon,CMR,1995,3890.49316117,1158.38369854
Cameroon,CMR,2000,4916.34688921,1388.59472188
Cameroon,CMR,2005,5445.56892142,1316.31279703
Cameroon,CMR,2006,5525.01443698,1262.71518306
Cameroon,CMR,2010,5900.42392175,1339.5979696
Cameroon,CMR,2016,6680.99752927,1349.84959647
Canada,CAN,1990,40579.147721,2297.95176674
Canada,CAN,1995,42561.9165331,2350.63916229
Canada,CAN,2000,42655.3878952,2200.49423702
Canada,CAN,2005,43230.4041541,2014.22466988
Canada,CAN,2006,43267.2660898,2000.63108106
Canada,CAN,2010,42588.4612808,2004.85483949
Canada,CAN,2016,45946.5626535,2217.04465636
Cape Verde,CPV,1990,136.357473456,23.9842148542
Cape Verde,CPV,1995,149.842267432,23.6561390937
Cape Verde,CPV,2000,157.274006166,22.7441391147
Cape Verde,CPV,2005,186.298413953,22.2270551534
Cape Verde,CPV,2006,190.038939092,21.5973566523
Cape Verde,CPV,2010,203.904163395,20.7445102521
Cape Verde,CPV,2016,200.9908659,20.1802504753
Caribbean,,1990,26340.2696813,4094.12011505
Caribbean,,1995,28468.6949992,4187.31492396
Caribbean,,2000,29594.1977425,4038.61474324
Caribbean,,2005,30608.881908,3889.39846055
Caribbean,,2006,30828.3111825,3877.69931952
Caribbean,,2010,31702.8367147,3834.69944828
Caribbean,,2016,33828.2492475,4018.99605038
Central African Republic,CAF,1990,1483.74153913,422.391066372
Central African Republic,CAF,1995,1737.18370445,471.216735107
Central African Republic,CAF,2000,1955.81505775,506.911565743
Central African Republic,CAF,2005,2075.88752282,424.98654986
Central African Republic,CAF,2006,2112.2832453,437.404941088
Central African Republic,CAF,2010,2269.46172923,455.051261796
Central African Republic,CAF,2016,2648.62304417,449.759169207
Central Asia,,1990,60281.3237927,18602.1537105
Central Asia,,1995,72126.9713758,19633.1697352
Central Asia,,2000,68375.6942543,17962.6088297
Central Asia,,2005,72307.318959,17970.8883179
Central Asia,,2006,72050.9086701,17853.7652343
Central Asia,,2010,66990.1963357,16695.0392347
Central Asia,,2016,64419.304254,15572.4478008
Central Europe,,1990,236351.943092,29339.2742771
Central Europe,,1995,240781.412912,28624.984079
Central Europe,,2000,229656.582583,26349.132677
Central Europe,,2005,226754.908465,25468.5533022
Central Europe,,2006,226218.033047,25211.6971747
Central Europe,,2010,223553.319796,24652.2884269
Central Europe,,2016,206558.486267,23713.6137879
Central Latin America,,1990,56722.9775432,15151.2383765
Central Latin America,,1995,63934.727407,15367.3321761
Central Latin America,,2000,66697.9854993,14365.4476793
Central Latin America,,2005,70709.6186719,14341.5285428
Central Latin America,,2006,70971.4249348,14282.4807068
Central Latin America,,2010,74456.1156064,14957.7592664
Central Latin America,,2016,80599.2762003,17373.501223
Central Sub-Saharan Africa,,1990,14930.2911495,6125.52116642
Central Sub-Saharan Africa,,1995,17302.4784352,6751.79980579
Central Sub-Saharan Africa,,2000,19020.63826,7234.29583732
Central Sub-Saharan Africa,,2005,20010.1207422,7135.28645537
Central Sub-Saharan Africa,,2006,20444.9620698,7091.70298602
Central Sub-Saharan Africa,,2010,23287.7501969,6997.79864379
Central Sub-Saharan Africa,,2016,28205.8495364,6115.95489922
Chad,TCD,1990,1432.29994224,264.853849761
Chad,TCD,1995,1649.58531937,312.660278005
Chad,TCD,2000,2150.72552523,398.154115208
Chad,TCD,2005,2337.74268837,423.31404374
Chad,TCD,2006,2367.77056773,438.484766564
Chad,TCD,2010,2702.28285943,471.975733844
Chad,TCD,2016,3021.65128138,493.452126304
Chile,CHL,1990,9202.93633438,1601.98868687
Chile,CHL,1995,9114.91035891,1605.08014583
Chile,CHL,2000,8662.55639704,1353.28471826
Chile,CHL,2005,9231.01961228,1319.50595592
Chile,CHL,2006,9190.32303488,1282.39572492
Chile,CHL,2010,10008.0848232,1331.77124805
Chile,CHL,2016,10828.268643,1472.38010281
China,CHN,1990,1402682.06549,285317.053757
China,CHN,1995,1593362.44131,278789.238902
China,CHN,2000,1766871.93238,257343.906208
China,CHN,2005,1826366.99162,243381.704978
China,CHN,2006,1762404.88252,236338.181702
China,CHN,2010,1784484.13786,231492.553585
China,CHN,2016,1759071.54637,231455.697297
Colombia,COL,1990,14222.9087679,2896.53628504
Colombia,COL,1995,15766.3461292,3073.32045912
Colombia,COL,2000,16773.282283,3104.94316952
Colombia,COL,2005,18323.8838706,2931.85122113
Colombia,COL,2006,19095.9745611,2942.30882174
Colombia,COL,2010,19325.8805935,2832.96859726
Colombia,COL,2016,18474.6597692,2856.72556653
Comoros,COM,1990,138.320385735,62.9311479592
Comoros,COM,1995,152.625866633,62.6106399667
Comoros,COM,2000,152.046567405,58.061076439
Comoros,COM,2005,147.249117475,49.6822855178
Comoros,COM,2006,150.419985887,49.2474187869
Comoros,COM,2010,152.069309443,45.3257022085
Comoros,COM,2016,154.063145777,40.2441301629
Congo,COG,1990,1165.18018393,257.868539278
Congo,COG,1995,1286.07337723,297.638882394
Congo,COG,2000,1202.41513208,306.334582512
Congo,COG,2005,999.673556989,296.159120198
Congo,COG,2006,1000.44326177,292.695496425
Congo,COG,2010,1046.41971136,261.922673551
Congo,COG,2016,1246.49178476,242.265035283
Costa Rica,CRI,1990,742.065373964,179.283155232
Costa Rica,CRI,1995,860.131593708,188.485470839
Costa Rica,CRI,2000,1023.40009409,188.502015547
Costa Rica,CRI,2005,977.590662448,163.81465212
Costa Rica,CRI,2006,935.048623483,159.512313356
Costa Rica,CRI,2010,898.743392492,156.310313327
Costa Rica,CRI,2016,1014.62680668,195.646109973
Cote d'Ivoire,CIV,1990,3446.20750788,1915.99906836
Cote d'Ivoire,CIV,1995,4755.30284847,2298.57009417
Cote d'Ivoire,CIV,2000,5154.26087902,2479.87659058
Cote d'Ivoire,CIV,2005,5146.8951584,2722.73220426
Cote d'Ivoire,CIV,2006,5227.59328872,2767.42511699
Cote d'Ivoire,CIV,2010,5531.0698858,2370.32743319
Cote d'Ivoire,CIV,2016,6605.71370364,2631.36701775
Croatia,HRV,1990,11027.5738642,1370.28336695
Croatia,HRV,1995,10516.0484628,1403.60430816
Croatia,HRV,2000,9831.33966707,1318.13883591
Croatia,HRV,2005,9129.44434358,1361.45923387
Croatia,HRV,2006,9056.70902031,1350.08799577
Croatia,HRV,2010,8812.06240446,1300.20883543
Croatia,HRV,2016,8514.51224281,1280.78267468
Cuba,CUB,1990,13685.6324438,1757.49894553
Cuba,CUB,1995,14386.489269,1947.45437865
Cuba,CUB,2000,14984.8864302,1888.25717658
Cuba,CUB,2005,16113.1881794,1794.29909356
Cuba,CUB,2006,16285.2870178,1772.91347563
Cuba,CUB,2010,16815.9487285,1691.81021636
Cuba,CUB,2016,18044.2093951,1757.23074006
Cyprus,CYP,1990,661.416806853,107.528686397
Cyprus,CYP,1995,701.153014984,116.831600352
Cyprus,CYP,2000,692.324916734,112.766661244
Cyprus,CYP,2005,766.599276883,106.325232587
Cyprus,CYP,2006,750.159290274,103.722420027
Cyprus,CYP,2010,820.318420326,101.665854182
Cyprus,CYP,2016,835.613454169,108.392061967
Czech Republic,CZE,1990,23843.2771465,2687.87638706
Czech Republic,CZE,1995,21026.4535481,2270.21690355
Czech Republic,CZE,2000,19413.2494674,1987.31927117
Czech Republic,CZE,2005,18222.7106784,1967.83990893
Czech Republic,CZE,2006,17850.5753764,1953.71790079
Czech Republic,CZE,2010,17636.597032,2010.98260474
Czech Republic,CZE,2016,15938.3174837,2007.52653802
Democratic Republic of Congo,COD,1990,8520.08727906,3665.72407536
Democratic Republic of Congo,COD,1995,10111.3717374,4144.12263219
Democratic Republic of Congo,COD,2000,11692.2508755,4587.69159831
Democratic Republic of Congo,COD,2005,12547.9906897,4533.93714503
Democratic Republic of Congo,COD,2006,12867.309086,4499.8223797
Democratic Republic of Congo,COD,2010,15146.7787047,4464.63007561
Democratic Republic of Congo,COD,2016,18509.1023,3984.71563695
Denmark,DNK,1990,14593.813585,534.001052722
Denmark,DNK,1995,14939.4385417,507.594369505
Denmark,DNK,2000,13989.7118365,396.30873683
Denmark,DNK,2005,13235.1037634,318.130539654
Denmark,DNK,2006,13024.5910367,306.013112351
Denmark,DNK,2010,12198.9897658,274.950927197
Denmark,DNK,2016,11167.0953041,275.859044544
Djibouti,DJI,1990,189.921687291,146.816942093
Djibouti,DJI,1995,223.45929911,162.846234335
Djibouti,DJI,2000,254.598144233,161.007349527
Djibouti,DJI,2005,295.684668448,142.419572822
Djibouti,DJI,2006,308.165896479,139.133697973
Djibouti,DJI,2010,384.05960314,131.091691984
Djibouti,DJI,2016,409.890771429,105.101165858
Dominica,DMA,1990,24.8740867016,5.84657228286
Dominica,DMA,1995,29.1319800925,6.78326310761
Dominica,DMA,2000,25.3102762872,5.72821013663
Dominica,DMA,2005,26.1675048278,5.52174613992
Dominica,DMA,2006,26.4699579081,5.60912952668
Dominica,DMA,2010,28.6124353618,5.74636241603
Dominica,DMA,2016,33.4697770351,6.15478329352
Dominican Republic,DOM,1990,3158.21931991,421.245828499
Dominican Republic,DOM,1995,3819.54516424,447.222992064
Dominican Republic,DOM,2000,4306.54265569,422.824080606
Dominican Republic,DOM,2005,4392.76330926,458.246261236
Dominican Republic,DOM,2006,4431.06727462,461.898806141
Dominican Republic,DOM,2010,4398.10321505,468.541625344
Dominican Republic,DOM,2016,4678.66215415,498.953037783
East Asia,,1990,1450407.08284,290444.874133
East Asia,,1995,1652182.78783,284844.860326
East Asia,,2000,1836429.0426,264554.874683
East Asia,,2005,1906127.66661,251104.296121
East Asia,,2006,1843586.44958,244116.770536
East Asia,,2010,1872482.58371,239816.888608
East Asia,,2016,1855764.94687,240364.484814
Eastern Europe,,1990,413331.559603,55641.9855626
Eastern Europe,,1995,563567.900512,67928.8340579
Eastern Europe,,2000,524107.485035,64476.8440739
Eastern Europe,,2005,538209.802739,63587.284248
Eastern Europe,,2006,499565.412236,59738.3661353
Eastern Europe,,2010,437664.476296,52633.4918551
Eastern Europe,,2016,397900.936423,47902.5374191
Eastern Sub-Saharan Africa,,1990,50916.1620033,21833.7859396
Eastern Sub-Saharan Africa,,1995,56074.8790448,21831.2727431
Eastern Sub-Saharan Africa,,2000,60202.7900073,21045.1832942
Eastern Sub-Saharan Africa,,2005,64340.6408731,19157.3922263
Eastern Sub-Saharan Africa,,2006,65817.9041647,18937.0092663
Eastern Sub-Saharan Africa,,2010,72486.4737154,18153.9112576
Eastern Sub-Saharan Africa,,2016,81554.2452246,16629.2809081
Ecuador,ECU,1990,2199.23380572,662.906790226
Ecuador,ECU,1995,2576.02450298,681.044086959
Ecuador,ECU,2000,2849.37841143,667.383228236
Ecuador,ECU,2005,3070.61272912,645.255466962
Ecuador,ECU,2006,3029.56496904,621.442325869
Ecuador,ECU,2010,2964.9621283,545.436705417
Ecuador,ECU,2016,3016.37412095,589.309192228
Egypt,EGY,1990,28038.4337759,17574.5785141
Egypt,EGY,1995,30188.3686798,14461.6837702
Egypt,EGY,2000,31657.0442729,12864.9691663
Egypt,EGY,2005,36955.6938803,12567.7319958
Egypt,EGY,2006,38497.9103355,12365.3239789
Egypt,EGY,2010,44322.5725735,13349.6617098
Egypt,EGY,2016,50242.6108977,11766.9110899
El Salvador,SLV,1990,1067.69630044,351.337836403
El Salvador,SLV,1995,1065.69868897,351.784123689
El Salvador,SLV,2000,1056.59420364,352.673579959
El Salvador,SLV,2005,1140.29158806,358.007241393
El Salvador,SLV,2006,1141.92354597,361.423550601
El Salvador,SLV,2010,1169.908473,381.788021059
El Salvador,SLV,2016,1304.84325591,413.270716845
England,,1990,118189.510515,6881.17553283
England,,1995,107981.943921,6281.97530635
England,,2000,98069.58186,4753.48616373
England,,2005,91843.2264589,3708.83325822
England,,2006,89826.860151,3569.19493313
England,,2010,85793.1316675,3152.492615
England,,2016,89835.8615839,3269.74132742
Equatorial Guinea,GNQ,1990,114.582029012,68.937413249
Equatorial Guinea,GNQ,1995,115.183281147,64.3716928748
Equatorial Guinea,GNQ,2000,113.798366364,43.8474712077
Equatorial Guinea,GNQ,2005,99.9019956892,30.0820645346
Equatorial Guinea,GNQ,2006,104.782791946,30.7815817008
Equatorial Guinea,GNQ,2010,111.837031066,30.0659000979
Equatorial Guinea,GNQ,2016,130.044179522,28.7576213822
Eritrea,ERI,1990,737.456140411,361.743031701
Eritrea,ERI,1995,529.735653948,289.84514441
Eritrea,ERI,2000,523.720877268,307.248207363
Eritrea,ERI,2005,603.337903413,321.788655552
Eritrea,ERI,2006,612.400007783,326.166187611
Eritrea,ERI,2010,639.819087688,343.885263752
Eritrea,ERI,2016,658.109230281,299.427056177
Estonia,EST,1990,2993.53359915,375.514044966
Estonia,EST,1995,3409.61048553,386.946820689
Estonia,EST,2000,2792.07372785,324.958487049
Estonia,EST,2005,2548.21278348,278.277063363
Estonia,EST,2006,2555.07676912,270.440379062
Estonia,EST,2010,2021.82240306,211.963874393
Estonia,EST,2016,1866.62619873,214.426463206
Ethiopia,ETH,1990,15821.7264418,2666.21499944
Ethiopia,ETH,1995,14920.9792856,2547.55951533
Ethiopia,ETH,2000,12766.6192353,2627.53260006
Ethiopia,ETH,2005,11840.9657464,2339.54133887
Ethiopia,ETH,2006,11990.2939883,2250.28374168
Ethiopia,ETH,2010,12875.725593,2035.89205033
Ethiopia,ETH,2016,14826.2147951,1903.49677927
Fiji,FJI,1990,517.380732951,124.574480237
Fiji,FJI,1995,573.878224145,153.14885121
Fiji,FJI,2000,607.945107396,186.482642757
Fiji,FJI,2005,628.35127035,212.571338876
Fiji,FJI,2006,636.334047942,217.600100103
Fiji,FJI,2010,643.326305373,243.433111939
Fiji,FJI,2016,694.811877099,273.599784122
Finland,FIN,1990,6731.93101865,396.543219779
Finland,FIN,1995,6027.0474067,322.82463543
Finland,FIN,2000,5714.20542657,267.281826615
Finland,FIN,2005,5550.82468001,222.99036909
Finland,FIN,2006,5572.99590225,220.409898396
Finland,FIN,2010,5474.26820776,214.720750738
Finland,FIN,2016,4954.17602473,206.170637769
France,FRA,1990,70095.7804402,3463.99027576
France,FRA,1995,70861.2159911,3287.45647764
France,FRA,2000,71563.9880401,3207.29019596
France,FRA,2005,70629.2508502,2788.44856171
France,FRA,2006,70916.4820417,2717.19389565
France,FRA,2010,73594.1347494,2325.99897631
France,FRA,2016,71646.9953262,2281.74859761
Gabon,GAB,1990,556.630798641,132.982756315
Gabon,GAB,1995,593.117513437,136.715036177
Gabon,GAB,2000,549.931188596,154.024802983
Gabon,GAB,2005,500.361539212,149.976722135
Gabon,GAB,2006,488.748490541,145.322265308
Gabon,GAB,2010,449.388471748,118.445342981
Gabon,GAB,2016,462.05345545,108.664953331
Gambia,GMB,1990,196.030414916,181.108076416
Gambia,GMB,1995,223.46609881,172.726310168
Gambia,GMB,2000,260.941342186,179.151065658
Gambia,GMB,2005,293.798208711,199.08243205
Gambia,GMB,2006,302.476900904,198.186816686
Gambia,GMB,2010,314.746188382,183.259052647
Gambia,GMB,2016,348.900956436,177.239781437
Georgia,GEO,1990,6805.43701748,1779.83049399
Georgia,GEO,1995,5783.57379746,1635.55825331
Georgia,GEO,2000,5685.73221518,1589.39296356
Georgia,GEO,2005,6599.77820473,1609.24785907
Georgia,GEO,2006,6524.04233607,1542.44457279
Georgia,GEO,2010,6753.84565255,1462.68851181
Georgia,GEO,2016,6132.43660392,1215.88668957
Germany,DEU,1990,140818.388157,8725.9445992
Germany,DEU,1995,130415.812867,7362.09649513
Germany,DEU,2000,120018.653518,6224.8913496
Germany,DEU,2005,117389.191766,5307.80385227
Germany,DEU,2006,117259.158317,5167.51347732
Germany,DEU,2010,118838.736753,4974.97857058
Germany,DEU,2016,120654.794855,5037.92913377
Ghana,GHA,1990,2318.06510659,615.930249856
Ghana,GHA,1995,2652.4250321,611.781014662
Ghana,GHA,2000,3514.34531831,824.622643703
Ghana,GHA,2005,4165.46388647,863.374017209
Ghana,GHA,2006,4248.15796792,834.736698519
Ghana,GHA,2010,4343.87957546,806.140068986
Ghana,GHA,2016,4320.98134257,721.707703602
Greece,GRC,1990,17025.1407861,2377.6248899
Greece,GRC,1995,18118.1144036,2190.61033846
Greece,GRC,2000,18794.4590704,2067.67709019
Greece,GRC,2005,19345.2008372,1892.40544173
Greece,GRC,2006,19344.451148,1862.61132593
Greece,GRC,2010,20162.872291,1856.03093162
Greece,GRC,2016,21146.4709974,1937.12873462
Greenland,GRL,1990,128.382946585,3.65309436408
Greenland,GRL,1995,124.672081122,3.34998223661
Greenland,GRL,2000,133.884639755,3.3453369872
Greenland,GRL,2005,137.766544522,3.32286216024
Greenland,GRL,2006,132.625111069,3.15815657392
Greenland,GRL,2010,131.153114623,2.91698904521
Greenland,GRL,2016,131.126645084,2.82417402569
Grenada,GRD,1990,44.040580081,10.8622718534
Grenada,GRD,1995,42.7966697882,11.6074035154
Grenada,GRD,2000,44.1947268601,12.0475180197
Grenada,GRD,2005,48.6766857277,12.1332144578
Grenada,GRD,2006,48.8817291104,12.1760120814
Grenada,GRD,2010,48.498809801,11.796543589
Grenada,GRD,2016,53.5564353332,10.844480963
Guam,GUM,1990,108.870692813,7.68458023133
Guam,GUM,1995,125.451702297,9.13067243693
Guam,GUM,2000,147.43148242,11.1216687609
Guam,GUM,2005,177.859933076,14.0906897606
Guam,GUM,2006,186.624271961,14.9257730149
Guam,GUM,2010,223.716738566,18.7566175828
Guam,GUM,2016,266.097000635,22.6600909599
Guatemala,GTM,1990,1398.44647116,991.271484603
Guatemala,GTM,1995,1649.61961975,999.783557796
Guatemala,GTM,2000,1845.83294248,1031.85758423
Guatemala,GTM,2005,1870.37095768,958.173972937
Guatemala,GTM,2006,1811.21170781,926.620325073
Guatemala,GTM,2010,1724.44759559,894.114931724
Guatemala,GTM,2016,1951.64895949,903.825563181
Guinea,GIN,1990,1439.06399186,743.469176907
Guinea,GIN,1995,2084.36453126,865.487630566
Guinea,GIN,2000,2538.94000058,806.668257766
Guinea,GIN,2005,2699.99842026,689.929202437
Guinea,GIN,2006,2797.11973596,697.426989783
Guinea,GIN,2010,3256.63671557,686.298134223
Guinea,GIN,2016,3781.28134009,675.493495146
Guinea-Bissau,GNB,1990,504.407627883,94.8404458842
Guinea-Bissau,GNB,1995,525.148199963,92.4643767072
Guinea-Bissau,GNB,2000,561.844574118,97.0597644749
Guinea-Bissau,GNB,2005,623.596238555,106.856747115
Guinea-Bissau,GNB,2006,635.956550489,109.001057897
Guinea-Bissau,GNB,2010,707.726334009,120.260262335
Guinea-Bissau,GNB,2016,805.001146347,122.479084235
Guyana,GUY,1990,371.107550067,99.8593166473
Guyana,GUY,1995,371.498715063,109.49693069
Guyana,GUY,2000,343.163262742,90.4639931423
Guyana,GUY,2005,384.532160046,87.6915607091
Guyana,GUY,2006,385.764948655,86.8964722973
Guyana,GUY,2010,419.63225397,87.6164427679
Guyana,GUY,2016,434.587013839,83.8867884666
Haiti,HTI,1990,4657.1903482,1017.35405831
Haiti,HTI,1995,4746.00797852,815.836449143
Haiti,HTI,2000,4594.20288904,738.808432831
Haiti,HTI,2005,4524.17049256,701.670835634
Haiti,HTI,2006,4488.70553492,710.495467796
Haiti,HTI,2010,4661.24878851,736.9889851
Haiti,HTI,2016,4827.60758334,748.921545905
High-income Asia Pacific,,1990,165130.287558,20111.2080693
High-income Asia Pacific,,1995,174563.002843,18757.0366687
High-income Asia Pacific,,2000,181504.903372,16691.6705309
High-income Asia Pacific,,2005,184993.345392,15845.3416862
High-income Asia Pacific,,2006,184545.171318,15845.487469
High-income Asia Pacific,,2010,187054.468915,15645.9607214
High-income Asia Pacific,,2016,193689.659643,15964.1508827
Honduras,HND,1990,1275.60911849,528.397351139
Honduras,HND,1995,1486.0755475,529.116503675
Honduras,HND,2000,1646.13302819,553.765373301
Honduras,HND,2005,1865.41348015,602.841293706
Honduras,HND,2006,1880.95647064,610.812325518
Honduras,HND,2010,1950.75359376,652.703714662
Honduras,HND,2016,2155.7013543,708.060096489
Hungary,HUN,1990,27653.9060382,2328.92975005
Hungary,HUN,1995,27778.5994041,2190.20191873
Hungary,HUN,2000,25924.7742676,1940.65547005
Hungary,HUN,2005,26248.6663057,1824.153116
Hungary,HUN,2006,26384.6010204,1794.42564469
Hungary,HUN,2010,26082.8565609,1704.38612392
Hungary,HUN,2016,24701.7369482,1650.28314842
Iceland,ISL,1990,338.607834665,23.7906091205
Iceland,ISL,1995,343.999556825,21.3460620469
Iceland,ISL,2000,327.240735348,15.5290402655
Iceland,ISL,2005,318.660046563,11.8475276109
Iceland,ISL,2006,320.594604315,11.6330799737
Iceland,ISL,2010,322.585729543,10.6903489482
Iceland,ISL,2016,355.605061344,11.8640725734
India,IND,1990,472597.138548,185530.124545
India,IND,1995,516654.242852,183541.010081
India,IND,2000,570150.883533,176030.147255
India,IND,2005,622381.590634,156910.059686
India,IND,2006,634592.486456,161470.564845
India,IND,2010,700842.183656,188140.979793
India,IND,2016,719991.410953,206352.951332
Indonesia,IDN,1990,106178.08925,30860.6546763
Indonesia,IDN,1995,118067.488309,31088.1971043
Indonesia,IDN,2000,131297.645989,32467.6159619
Indonesia,IDN,2005,155508.082158,33211.6346657
Indonesia,IDN,2006,160280.911076,33374.5108665
Indonesia,IDN,2010,176129.152799,33475.1047199
Indonesia,IDN,2016,193875.710467,33969.727623
Iran,IRN,1990,16888.1139617,5449.81118929
Iran,IRN,1995,20462.7048423,4650.85230336
Iran,IRN,2000,24363.2291305,4966.77008934
Iran,IRN,2005,29173.5664423,6501.83917638
Iran,IRN,2006,29729.7525305,6700.11970065
Iran,IRN,2010,31090.9850075,6970.74121401
Iran,IRN,2016,33014.0270564,6942.76240271
Iraq,IRQ,1990,10801.2825286,3629.25404307
Iraq,IRQ,1995,12551.1846985,3951.78998272
Iraq,IRQ,2000,14498.4816733,4047.85740368
Iraq,IRQ,2005,16254.0806228,4318.50006025
Iraq,IRQ,2006,16539.5456136,4404.61131363
Iraq,IRQ,2010,17210.9177748,4769.21939102
Iraq,IRQ,2016,18739.5017254,4834.26846506
Ireland,IRL,1990,7311.57019331,495.667883144
Ireland,IRL,1995,7142.45624562,450.377761059
Ireland,IRL,2000,6762.68986302,409.005005237
Ireland,IRL,2005,5752.63341893,297.876116492
Ireland,IRL,2006,5626.21109343,281.595643494
Ireland,IRL,2010,5320.90957396,243.052281344
Ireland,IRL,2016,5400.95717832,254.711210228
Israel,ISR,1990,4469.07033692,388.066685387
Israel,ISR,1995,4861.48842769,393.296028477
Israel,ISR,2000,4673.71504172,357.06275282
Israel,ISR,2005,4738.52231218,341.710876423
Israel,ISR,2006,4764.06390655,342.298338682
Israel,ISR,2010,4659.92071639,335.165599254
Israel,ISR,2016,5127.40532292,361.351370924
Italy,ITA,1990,94313.9304715,6170.00606866
Italy,ITA,1995,92706.9785378,5495.66357508
Italy,ITA,2000,89050.5532836,4939.31147604
Italy,ITA,2005,84044.3754432,4699.25137305
Italy,ITA,2006,85386.5131594,4635.5947605
Italy,ITA,2010,87578.1201849,4474.02405277
Italy,ITA,2016,89500.8652173,4588.30754567
Jamaica,JAM,1990,963.629923284,219.357511635
Jamaica,JAM,1995,1161.37567314,257.4869767
Jamaica,JAM,2000,1411.59594392,297.46945299
Jamaica,JAM,2005,1342.66048506,267.997437598
Jamaica,JAM,2006,1409.12341516,270.527493404
Jamaica,JAM,2010,1565.67931606,288.516651573
Jamaica,JAM,2016,1806.72716084,315.969544754
Japan,JPN,1990,125072.469661,14336.0834963
Japan,JPN,1995,133154.17337,13525.2589307
Japan,JPN,2000,137167.112512,12111.9332038
Japan,JPN,2005,142599.857452,12094.5585989
Japan,JPN,2006,143019.274986,12166.1024536
Japan,JPN,2010,146847.763814,12021.3345702
Japan,JPN,2016,147926.692225,11863.5215235
Jordan,JOR,1990,1283.86709175,429.85207049
Jordan,JOR,1995,1575.93592693,462.242890245
Jordan,JOR,2000,1742.24564164,494.761277886
Jordan,JOR,2005,2103.52688102,560.978984337
Jordan,JOR,2006,2134.55158073,545.715049548
Jordan,JOR,2010,2316.48773759,480.85614501
Jordan,JOR,2016,2763.52651912,475.486684411
Kazakhstan,KAZ,1990,23414.8782914,4423.81032977
Kazakhstan,KAZ,1995,30045.2073073,5130.76815178
Kazakhstan,KAZ,2000,26473.3000118,4460.23513973
Kazakhstan,KAZ,2005,26546.2073715,4285.83514027
Kazakhstan,KAZ,2006,26233.29438,4334.12719365
Kazakhstan,KAZ,2010,21783.510249,3609.56318755
Kazakhstan,KAZ,2016,19460.549518,3440.6144535
Kenya,KEN,1990,2800.18507825,2234.11516257
Kenya,KEN,1995,3624.19829106,2283.58544372
Kenya,KEN,2000,4477.90179524,2304.33587354
Kenya,KEN,2005,5116.41052995,2263.33188589
Kenya,KEN,2006,5167.79169789,2214.64717879
Kenya,KEN,2010,5553.16128532,2101.64375801
Kenya,KEN,2016,6249.85297972,1779.8635087
Kiribati,KIR,1990,96.3588394534,17.7335404986
Kiribati,KIR,1995,106.110469393,18.3908877236
Kiribati,KIR,2000,122.976890801,19.3953044466
Kiribati,KIR,2005,141.298271146,19.7399942239
Kiribati,KIR,2006,147.046416818,20.1209312423
Kiribati,KIR,2010,162.227342296,22.0211260298
Kiribati,KIR,2016,178.794542752,26.0125864261
Kuwait,KWT,1990,417.491464174,91.6480756881
Kuwait,KWT,1995,399.151587253,86.9670091723
Kuwait,KWT,2000,454.973711289,94.8924084366
Kuwait,KWT,2005,540.395040298,107.927789079
Kuwait,KWT,2006,567.082595223,114.578462866
Kuwait,KWT,2010,587.667597164,134.578098732
Kuwait,KWT,2016,727.200786054,159.268726877
Kyrgyzstan,KGZ,1990,4027.47598216,935.306059638
Kyrgyzstan,KGZ,1995,5068.51148803,993.049308539
Kyrgyzstan,KGZ,2000,4166.51927228,840.087227536
Kyrgyzstan,KGZ,2005,4361.7932906,878.897182304
Kyrgyzstan,KGZ,2006,4498.83507651,908.836001988
Kyrgyzstan,KGZ,2010,4129.89215636,787.73359102
Kyrgyzstan,KGZ,2016,3914.64729092,705.001529233
Laos,LAO,1990,4966.97703823,1847.34548464
Laos,LAO,1995,5346.99384021,1882.10616426
Laos,LAO,2000,5645.92031199,1741.15575157
Laos,LAO,2005,5887.95836964,1655.18585483
Laos,LAO,2006,5943.30954613,1584.39979174
Laos,LAO,2010,6063.37763243,1446.87273189
Laos,LAO,2016,6224.96978726,1208.05742729
Latin America and Caribbean,,1990,209857.85283,43236.9450942
Latin America and Caribbean,,1995,230718.049857,42617.9771309
Latin America and Caribbean,,2000,237817.237438,39233.157746
Latin America and Caribbean,,2005,244170.374257,37756.6537794
Latin America and Caribbean,,2006,244847.956419,37398.6734615
Latin America and Caribbean,,2010,250657.630328,37843.6472545
Latin America and Caribbean,,2016,263457.212177,46592.2195715
Latvia,LVA,1990,5002.42777346,594.315462758
Latvia,LVA,1995,6147.09427464,697.78323874
Latvia,LVA,2000,4700.81957041,593.839104999
Latvia,LVA,2005,4997.90842236,604.891394696
Latvia,LVA,2006,5130.41756752,628.078654653
Latvia,LVA,2010,4095.25043153,513.713159435
Latvia,LVA,2016,3612.90825,477.549206302
Lebanon,LBN,1990,2986.67907868,518.112226491
Lebanon,LBN,1995,2471.37718784,476.526780195
Lebanon,LBN,2000,2292.67596099,371.661921138
Lebanon,LBN,2005,2772.38234629,335.180649607
Lebanon,LBN,2006,2853.19233753,334.363060886
Lebanon,LBN,2010,3119.18012695,337.800133717
Lebanon,LBN,2016,4469.22584412,448.834318206
Lesotho,LSO,1990,991.788113543,351.815904056
Lesotho,LSO,1995,1200.58524063,370.302432904
Lesotho,LSO,2000,1615.05286004,470.446459227
Lesotho,LSO,2005,2042.54942559,539.481828171
Lesotho,LSO,2006,2086.77995188,538.538464205
Lesotho,LSO,2010,2098.12502804,539.508902031
Lesotho,LSO,2016,2114.83487708,441.096859597
Liberia,LBR,1990,387.768859416,255.783492801
Liberia,LBR,1995,366.962843453,222.86123412
Liberia,LBR,2000,518.043625331,232.629051076
Liberia,LBR,2005,553.02644248,189.987433797
Liberia,LBR,2006,582.7978296,189.296858207
Liberia,LBR,2010,724.935732866,203.924131578
Liberia,LBR,2016,820.205499936,192.87210992
Libya,LBY,1990,1330.58839808,314.447829747
Libya,LBY,1995,1506.73226655,349.537661853
Libya,LBY,2000,1818.87455456,400.12215419
Libya,LBY,2005,2119.92661682,431.322006594
Libya,LBY,2006,2180.15642823,437.701468761
Libya,LBY,2010,2440.89676105,459.276047796
Libya,LBY,2016,3130.08210589,533.60120373
Lithuania,LTU,1990,6105.24836513,743.962871755
Lithuania,LTU,1995,7058.93353367,809.201015372
Lithuania,LTU,2000,5428.84467864,665.091722105
Lithuania,LTU,2005,6166.26632053,676.643583747
Lithuania,LTU,2006,6269.70421315,688.721924929
Lithuania,LTU,2010,5369.05224939,622.625529354
Lithuania,LTU,2016,4646.44259679,557.010621503
Luxembourg,LUX,1990,698.980682181,57.4533630257
Luxembourg,LUX,1995,665.968006811,51.6527860077
Luxembourg,LUX,2000,605.365729371,44.9805440381
Luxembourg,LUX,2005,576.308769452,40.252381776
Luxembourg,LUX,2006,565.877557988,39.4711529568
Luxembourg,LUX,2010,564.468110551,37.9562067757
Luxembourg,LUX,2016,597.812557307,42.0618845424
Macedonia,MKD,1990,2782.55244105,358.264416419
Macedonia,MKD,1995,2937.99177312,358.827784095
Macedonia,MKD,2000,3282.44348975,422.316072003
Macedonia,MKD,2005,3538.82532943,489.147801365
Macedonia,MKD,2006,3572.29322117,498.21803149
Macedonia,MKD,2010,3680.71931516,528.852940815
Macedonia,MKD,2016,3602.3611,534.218939021
Madagascar,MDG,1990,4603.29644426,2092.22881928
Madagascar,MDG,1995,4994.21253437,1995.88323345
Madagascar,MDG,2000,5296.04371485,1758.99927988
Madagascar,MDG,2005,5614.62274339,1582.96745127
Madagascar,MDG,2006,5637.5635395,1521.64298385
Madagascar,MDG,2010,6224.20640645,1451.31201645
Madagascar,MDG,2016,7158.57815748,1474.03539408
Malawi,MWI,1990,2415.94450522,1190.01640339
Malawi,MWI,1995,3340.06749633,947.210086769
Malawi,MWI,2000,4282.14436205,803.896058465
Malawi,MWI,2005,4506.29955843,543.847019355
Malawi,MWI,2006,4611.67802971,515.872990441
Malawi,MWI,2010,4942.06703399,516.464937844
Malawi,MWI,2016,5179.10556339,427.087989975
Malaysia,MYS,1990,12643.7595877,1929.85333804
Malaysia,MYS,1995,15008.4658122,2132.35274105
Malaysia,MYS,2000,16966.7010567,2396.24832753
Malaysia,MYS,2005,19132.846557,2871.15306059
Malaysia,MYS,2006,19498.5259176,2936.59155565
Malaysia,MYS,2010,21079.7623595,3194.95655042
Malaysia,MYS,2016,24185.2550072,3481.62905652
Maldives,MDV,1990,128.525602973,36.4122112438
Maldives,MDV,1995,139.53160174,32.2439122005
Maldives,MDV,2000,137.029293272,30.1418694401
Maldives,MDV,2005,125.558596432,27.6650228215
Maldives,MDV,2006,123.739493257,27.2796805873
Maldives,MDV,2010,130.050281088,28.3345902694
Maldives,MDV,2016,143.983773154,30.015501114
Mali,MLI,1990,2115.48799945,802.776784169
Mali,MLI,1995,2016.7066139,848.094133836
Mali,MLI,2000,1823.28051865,799.399393343
Mali,MLI,2005,1806.54228487,692.383214559
Mali,MLI,2006,1811.72073433,702.508908488
Mali,MLI,2010,1898.46869415,771.692542249
Mali,MLI,2016,1911.37237784,712.340189068
Malta,MLT,1990,409.09732323,64.0442711386
Malta,MLT,1995,408.677710747,53.085474601
Malta,MLT,2000,434.884553059,47.4539436732
Malta,MLT,2005,387.315707912,42.364304222
Malta,MLT,2006,392.865656824,42.1126580042
Malta,MLT,2010,399.302506648,39.5032887258
Malta,MLT,2016,399.84845317,39.9583501269
Marshall Islands,MHL,1990,25.387003692,9.09246557169
Marshall Islands,MHL,1995,28.3427969926,10.6643929866
Marshall Islands,MHL,2000,30.7910780156,13.1185749515
Marshall Islands,MHL,2005,36.9416040731,15.5167595125
Marshall Islands,MHL,2006,38.5856281965,16.0531087744
Marshall Islands,MHL,2010,41.7898012285,17.1634255326
Marshall Islands,MHL,2016,46.6618097584,19.7633390038
Mauritania,MRT,1990,538.844089483,209.651153666
Mauritania,MRT,1995,557.753538032,247.161302113
Mauritania,MRT,2000,510.587229676,301.637623008
Mauritania,MRT,2005,494.846339271,306.800296145
Mauritania,MRT,2006,492.440697956,296.606410494
Mauritania,MRT,2010,531.901360376,285.211549404
Mauritania,MRT,2016,657.509279067,281.795775642
Mauritius,MUS,1990,1054.34381571,197.460246557
Mauritius,MUS,1995,1099.66957976,214.998045864
Mauritius,MUS,2000,1101.26088429,241.373465581
Mauritius,MUS,2005,962.980256052,261.397656423
Mauritius,MUS,2006,932.197699725,264.917095174
Mauritius,MUS,2010,876.389320521,278.399385683
Mauritius,MUS,2016,938.210588871,325.907905134
Mexico,MEX,1990,27938.1470719,8248.00877991
Mexico,MEX,1995,31973.8045292,8249.2444896
Mexico,MEX,2000,32387.0542509,7154.02872056
Mexico,MEX,2005,33273.2358482,7275.59258291
Mexico,MEX,2006,32156.39399,7164.32474831
Mexico,MEX,2010,34220.140995,7648.98178458
Mexico,MEX,2016,38786.1428282,9460.03924583
Micronesia (country),FSM,1990,99.677575644,12.7508741493
Micronesia (country),FSM,1995,110.654122497,13.0266500946
Micronesia (country),FSM,2000,105.927886193,12.5311395992
Micronesia (country),FSM,2005,106.861247937,13.30673171
Micronesia (country),FSM,2006,108.022019684,13.5092111506
Micronesia (country),FSM,2010,114.464582958,14.1841349358
Micronesia (country),FSM,2016,119.041385809,15.3114082778
Moldova,MDA,1990,6424.02458815,1132.70165694
Moldova,MDA,1995,7577.92660556,1274.98802147
Moldova,MDA,2000,5562.78820071,1052.63552659
Moldova,MDA,2005,6013.6939557,943.784054131
Moldova,MDA,2006,5808.92925289,907.52586402
Moldova,MDA,2010,5796.84927666,769.695208801
Moldova,MDA,2016,4936.0526389,642.075679046
Mongolia,MNG,1990,2139.48259344,510.891997801
Mongolia,MNG,1995,2669.16403166,419.123623217
Mongolia,MNG,2000,2720.68354722,384.891085615
Mongolia,MNG,2005,3205.35156603,346.983073206
Mongolia,MNG,2006,3214.93034537,333.061466665
Mongolia,MNG,2010,3283.22201443,308.150303272
Mongolia,MNG,2016,3588.81618539,280.726760663
Montenegro,MNE,1990,888.715916813,85.4779458885
Montenegro,MNE,1995,1079.07880472,104.188767077
Montenegro,MNE,2000,1217.95174829,129.361525165
Montenegro,MNE,2005,1290.90647479,126.14945361
Montenegro,MNE,2006,1284.82681541,123.582132566
Montenegro,MNE,2010,1240.97871602,122.338302264
Montenegro,MNE,2016,1295.98191933,134.471081679
Morocco,MAR,1990,9381.0786188,4258.39332788
Morocco,MAR,1995,9871.7119516,4044.58022623
Morocco,MAR,2000,10101.366483,3956.25446147
Morocco,MAR,2005,11006.9614078,4021.00785463
Morocco,MAR,2006,11148.0016755,4017.3758766
Morocco,MAR,2010,11978.9217518,4010.89620332
Morocco,MAR,2016,13533.0259494,4360.59886488
Mozambique,MOZ,1990,4199.70077054,1674.3183727
Mozambique,MOZ,1995,4735.45452436,1826.93891637
Mozambique,MOZ,2000,5512.98848304,1889.27230359
Mozambique,MOZ,2005,6110.91620923,1650.4159365
Mozambique,MOZ,2006,6381.48220498,1647.99182159
Mozambique,MOZ,2010,7771.83989293,1631.88723504
Mozambique,MOZ,2016,8448.31909835,1531.2719322
Myanmar,MMR,1990,58440.1557088,9870.81841973
Myanmar,MMR,1995,62072.0018698,8691.5414104
Myanmar,MMR,2000,65037.334884,7683.98921445
Myanmar,MMR,2005,65411.5144312,6490.63918788
Myanmar,MMR,2006,64518.68189,6174.60524332
Myanmar,MMR,2010,61294.8400461,5208.88019936
Myanmar,MMR,2016,61936.6678845,4103.61545377
Namibia,NAM,1990,782.002869679,154.866082342
Namibia,NAM,1995,916.391779534,163.367824229
Namibia,NAM,2000,1219.00395159,184.629426509
Namibia,NAM,2005,1161.0684681,164.422015448
Namibia,NAM,2006,1143.33086038,158.907921296
Namibia,NAM,2010,990.520157043,135.996625468
Namibia,NAM,2016,918.27420634,128.295323352
Nepal,NPL,1990,16335.046926,2820.09174666
Nepal,NPL,1995,18247.9903131,2414.26329886
Nepal,NPL,2000,20558.3446442,2039.59991052
Nepal,NPL,2005,24548.2463866,1843.1175893
Nepal,NPL,2006,24949.807172,1843.3929087
Nepal,NPL,2010,26034.6925449,2036.8433841
Nepal,NPL,2016,24917.3259468,2167.25662509
Netherlands,NLD,1990,27523.5223804,1538.76091334
Netherlands,NLD,1995,28879.4379281,1607.78016222
Netherlands,NLD,2000,29324.7191509,1445.17705108
Netherlands,NLD,2005,28709.7237648,1146.16882045
Netherlands,NLD,2006,28501.9973712,1096.17751063
Netherlands,NLD,2010,28918.5768807,979.253762494
Netherlands,NLD,2016,29196.0162387,1025.12294544
New Zealand,NZL,1990,4869.06947592,250.010205121
New Zealand,NZL,1995,4676.66798078,233.418826503
New Zealand,NZL,2000,4334.33935233,216.504075929
New Zealand,NZL,2005,4145.48317543,210.191801482
New Zealand,NZL,2006,4181.78052942,212.262368639
New Zealand,NZL,2010,4143.68336802,200.233143414
New Zealand,NZL,2016,4456.8843839,208.850839148
Nicaragua,NIC,1990,436.255076758,301.902826628
Nicaragua,NIC,1995,557.752149087,297.529746324
Nicaragua,NIC,2000,569.268235636,284.610358302
Nicaragua,NIC,2005,638.308527552,308.697317708
Nicaragua,NIC,2006,639.616991809,315.322563653
Nicaragua,NIC,2010,705.123082038,337.760501191
Nicaragua,NIC,2016,864.280822703,351.124161077
Niger,NER,1990,962.141629527,1049.2503019
Niger,NER,1995,994.704608514,1042.31523426
Niger,NER,2000,1156.74236953,1025.72074559
Niger,NER,2005,1456.52812959,1003.55691619
Niger,NER,2006,1544.74645481,1008.96558243
Niger,NER,2010,1860.66905676,845.553028684
Niger,NER,2016,2421.45673771,911.212151549
Nigeria,NGA,1990,17510.1956066,4767.48188037
Nigeria,NGA,1995,18683.2719498,5178.85646585
Nigeria,NGA,2000,18717.4506972,6358.70343807
Nigeria,NGA,2005,13008.3017065,6311.03668979
Nigeria,NGA,2006,12219.575589,6190.02796575
Nigeria,NGA,2010,10833.9859319,6014.77125967
Nigeria,NGA,2016,11026.3033408,4963.59625933
North Africa and Middle East,,1990,167378.92261,59275.8238318
North Africa and Middle East,,1995,194364.954793,56235.1881426
North Africa and Middle East,,2000,206091.58999,53609.9077562
North Africa and Middle East,,2005,223217.636824,54050.746389
North Africa and Middle East,,2006,225927.4938,53782.5926627
North Africa and Middle East,,2010,240949.137703,55590.0437421
North Africa and Middle East,,2016,271160.097746,57833.1819933
North America,,1990,467381.911744,21773.8402441
North America,,1995,485056.473041,21364.9939954
North America,,2000,499305.492052,20082.2235484
North America,,2005,502596.408395,17554.7879451
North America,,2006,496592.946925,17182.4377534
North America,,2010,483660.502796,16297.4845633
North America,,2016,525773.831338,17848.3585251
North Korea,PRK,1990,29746.2623241,2878.08339736
North Korea,PRK,1995,36968.7170596,3615.51876423
North Korea,PRK,2000,45161.2480784,4643.15124532
North Korea,PRK,2005,53022.1573328,5312.0368663
North Korea,PRK,2006,54293.5366746,5423.87694823
North Korea,PRK,2010,59772.7182318,5887.4603387
North Korea,PRK,2016,66159.9019804,5940.12604224
Northern Ireland,,1990,3544.68694275,222.200273007
Northern Ireland,,1995,3194.90333072,195.939958068
Northern Ireland,,2000,2924.95503303,151.941257517
Northern Ireland,,2005,2726.07900757,111.321145894
Northern Ireland,,2006,2714.21084434,108.803232334
Northern Ireland,,2010,2679.77781649,101.086838591
Northern Ireland,,2016,2977.94325819,115.568273718
Northern Mariana Islands,MNP,1990,21.9230092621,2.71380493641
Northern Mariana Islands,MNP,1995,24.4298332338,3.24575961728
Northern Mariana Islands,MNP,2000,25.4989340593,3.60725521151
Northern Mariana Islands,MNP,2005,30.1195113925,4.2054261193
Northern Mariana Islands,MNP,2006,31.2764597307,4.30323345217
Northern Mariana Islands,MNP,2010,37.7466377919,5.11524252567
Northern Mariana Islands,MNP,2016,49.1892129169,6.6337988391
Norway,NOR,1990,7099.20823934,557.847984554
Norway,NOR,1995,7075.6109946,500.844068922
Norway,NOR,2000,7078.50844395,389.790858709
Norway,NOR,2005,6661.11376946,310.371292993
Norway,NOR,2006,6627.86444647,304.666255967
Norway,NOR,2010,6613.53171544,281.975482989
Norway,NOR,2016,5989.41827471,272.664986665
Oceania,,1990,7521.63050847,1536.87110644
Oceania,,1995,8383.59517202,1636.34394022
Oceania,,2000,9317.59899968,1688.52008625
Oceania,,2005,11010.2683046,1964.89621474
Oceania,,2006,11369.2017554,2044.68943207
Oceania,,2010,12696.6840585,2325.08989036
Oceania,,2016,13862.3005481,2538.0527697
Oman,OMN,1990,325.964199885,192.687360446
Oman,OMN,1995,406.04116321,162.837636287
Oman,OMN,2000,368.346212719,169.325582206
Oman,OMN,2005,336.786441911,182.872573547
Oman,OMN,2006,339.022166932,187.078197658
Oman,OMN,2010,411.816626616,212.471741216
Oman,OMN,2016,729.474398653,255.835414225
Pakistan,PAK,1990,68605.8186975,20946.6871966
Pakistan,PAK,1995,93048.8912146,23579.5549081
Pakistan,PAK,2000,115152.51735,25726.2973081
Pakistan,PAK,2005,127533.212109,27070.3514963
Pakistan,PAK,2006,127068.606229,27456.5175629
Pakistan,PAK,2010,126916.844267,28514.8336892
Pakistan,PAK,2016,130873.823891,30085.4267964
Palestine,PSE,1990,692.242825498,201.878523942
Palestine,PSE,1995,837.988782045,229.07711735
Palestine,PSE,2000,1139.37327393,272.927262864
Palestine,PSE,2005,1418.07681906,268.432959747
Palestine,PSE,2006,1458.30503332,270.714220397
Palestine,PSE,2010,1690.72985739,307.737320515
Palestine,PSE,2016,2324.23419301,412.468827707
Panama,PAN,1990,755.82550364,134.127003085
Panama,PAN,1995,862.774547501,143.955742612
Panama,PAN,2000,827.844094259,139.359829617
Panama,PAN,2005,911.254547283,130.346709916
Panama,PAN,2006,893.974047232,129.774362445
Panama,PAN,2010,814.948578026,140.486069512
Panama,PAN,2016,776.950793301,141.627662828
Papua New Guinea,PNG,1990,5864.55070494,1248.23641823
Papua New Guinea,PNG,1995,6549.2289342,1305.75527781
Papua New Guinea,PNG,2000,7351.69384442,1300.90304009
Papua New Guinea,PNG,2005,8855.48024135,1516.12756773
Papua New Guinea,PNG,2006,9167.88642874,1582.01613667
Papua New Guinea,PNG,2010,10326.8186102,1798.64402059
Papua New Guinea,PNG,2016,11251.5215777,1944.51664437
Paraguay,PRY,1990,1592.64075939,367.105060992
Paraguay,PRY,1995,1930.84494624,381.595559597
Paraguay,PRY,2000,2286.57596851,420.728961002
Paraguay,PRY,2005,2747.39617191,475.800409094
Paraguay,PRY,2006,2837.54466719,485.977247047
Paraguay,PRY,2010,3152.10644805,550.933751357
Paraguay,PRY,2016,3435.01388892,654.358113726
Peru,PER,1990,4854.44820364,2049.3283715
Peru,PER,1995,6169.48315123,1747.09858713
Peru,PER,2000,5381.54245734,1413.76235374
Peru,PER,2005,5508.54933862,1255.97704057
Peru,PER,2006,5540.99115817,1213.23704627
Peru,PER,2010,6472.93481637,1196.97612128
Peru,PER,2016,6542.0604154,1228.38514681
Philippines,PHL,1990,43853.7221131,10167.8157685
Philippines,PHL,1995,54880.7399123,9417.8460502
Philippines,PHL,2000,69541.66522,9303.70934485
Philippines,PHL,2005,84046.3779458,11050.3323816
Philippines,PHL,2006,86613.6525335,11145.1704592
Philippines,PHL,2010,97785.5054373,11936.5216811
Philippines,PHL,2016,107183.266795,13093.2451328
Poland,POL,1990,81867.3771933,9181.82726383
Poland,POL,1995,79313.226506,7982.42428165
Poland,POL,2000,74857.9839871,6442.32054013
Poland,POL,2005,72951.1715745,6165.6025009
Poland,POL,2006,73660.6546324,6223.27518128
Poland,POL,2010,72483.0410388,6289.53625146
Poland,POL,2016,66409.0138644,6186.95926687
Portugal,PRT,1990,10766.3628582,1769.39917526
Portugal,PRT,1995,11198.5149053,1641.5576368
Portugal,PRT,2000,11471.7653398,1474.27699327
Portugal,PRT,2005,12019.9978326,1303.24992456
Portugal,PRT,2006,11922.7205199,1250.52803591
Portugal,PRT,2010,11746.4258758,1116.16269798
Portugal,PRT,2016,10869.8785002,1098.18034483
Puerto Rico,PRI,1990,2076.49307397,220.58691567
Puerto Rico,PRI,1995,2462.02337232,236.178418242
Puerto Rico,PRI,2000,2371.49257804,221.602425088
Puerto Rico,PRI,2005,2281.16180503,208.548694348
Puerto Rico,PRI,2006,2255.29210512,204.944942169
Puerto Rico,PRI,2010,2188.74461261,191.398924717
Puerto Rico,PRI,2016,2150.36157881,205.225512252
Qatar,QAT,1990,102.64279881,16.8377371979
Qatar,QAT,1995,128.903742438,19.6927485837
Qatar,QAT,2000,142.718116162,26.1073776479
Qatar,QAT,2005,150.760981225,30.7926534236
Qatar,QAT,2006,147.666435242,31.1532467148
Qatar,QAT,2010,184.205347609,35.3079623804
Qatar,QAT,2016,244.313265025,46.9508835148
Romania,ROU,1990,34176.4593703,5636.0882094
Romania,ROU,1995,40450.9303879,6219.03227205
Romania,ROU,2000,37202.9803958,5805.29681771
Romania,ROU,2005,36947.3999147,5269.22451199
Romania,ROU,2006,36407.7696188,5027.42576286
Romania,ROU,2010,37736.8505153,4713.2669397
Romania,ROU,2016,32837.6892149,4330.1943095
Russia,RUS,1990,262326.749875,34097.4757395
Russia,RUS,1995,372001.323613,44636.9737324
Russia,RUS,2000,359691.069051,42566.252663
Russia,RUS,2005,372101.696206,41120.075829
Russia,RUS,2006,341024.24161,38377.6617211
Russia,RUS,2010,304360.773458,34119.9708871
Russia,RUS,2016,282071.863638,31141.5953491
Rwanda,RWA,1990,1688.00613377,706.753132139
Rwanda,RWA,1995,1888.74972289,694.47818698
Rwanda,RWA,2000,1970.98381269,776.220679013
Rwanda,RWA,2005,1294.67080878,682.860422853
Rwanda,RWA,2006,1303.65507152,651.668779459
Rwanda,RWA,2010,1353.77837262,530.258451824
Rwanda,RWA,2016,1660.98806644,455.521327787
Saint Lucia,LCA,1990,54.7887242194,12.1385996389
Saint Lucia,LCA,1995,51.2263007367,12.9171453591
Saint Lucia,LCA,2000,49.3414241106,12.6919934764
Saint Lucia,LCA,2005,57.0257402149,12.6247698991
Saint Lucia,LCA,2006,57.5058332318,12.5635487185
Saint Lucia,LCA,2010,59.5576248113,12.0422830345
Saint Lucia,LCA,2016,70.6606074121,12.089181104
Saint Vincent and the Grenadines,VCT,1990,37.4489748207,11.2406916169
Saint Vincent and the Grenadines,VCT,1995,41.1654231179,12.412538691
Saint Vincent and the Grenadines,VCT,2000,43.7050255456,11.2878678727
Saint Vincent and the Grenadines,VCT,2005,43.2103678485,10.5307779695
Saint Vincent and the Grenadines,VCT,2006,42.9571508143,10.3357534067
Saint Vincent and the Grenadines,VCT,2010,43.7494553118,9.89476102422
Saint Vincent and the Grenadines,VCT,2016,52.6766483634,10.7579726563
Samoa,WSM,1990,120.116672817,26.173452502
Samoa,WSM,1995,128.825709831,26.7673388784
Samoa,WSM,2000,127.874787691,28.851346496
Samoa,WSM,2005,127.236508973,31.9542850413
Samoa,WSM,2006,126.548657285,32.2529105334
Samoa,WSM,2010,131.039580939,34.4449177358
Samoa,WSM,2016,138.149444873,36.8942535343
Sao Tome and Principe,STP,1990,39.8591427498,5.15422914911
Sao Tome and Principe,STP,1995,43.4378096258,4.391059443
Sao Tome and Principe,STP,2000,51.3639127614,4.40043391679
Sao Tome and Principe,STP,2005,53.8930047,3.90956574035
Sao Tome and Principe,STP,2006,54.0233222223,3.74501978244
Sao Tome and Principe,STP,2010,51.8373530494,3.22281119036
Sao Tome and Principe,STP,2016,55.1267733294,2.59633916443
Saudi Arabia,SAU,1990,1567.51481505,1192.26337763
Saudi Arabia,SAU,1995,2390.64048162,1265.32990522
Saudi Arabia,SAU,2000,3227.75077522,1511.15484129
Saudi Arabia,SAU,2005,3878.07544975,1540.24893007
Saudi Arabia,SAU,2006,3970.98168028,1530.59854889
Saudi Arabia,SAU,2010,4455.55020832,1477.65546735
Saudi Arabia,SAU,2016,5735.97356856,1391.2754403
Scotland,,1990,16745.1750843,794.714261466
Scotland,,1995,15412.0546526,670.187654749
Scotland,,2000,13713.201521,503.378829903
Scotland,,2005,12872.3598533,383.70139898
Scotland,,2006,12583.2625619,373.334568357
Scotland,,2010,11967.8574686,352.001577954
Scotland,,2016,12381.8823948,378.353654238
Senegal,SEN,1990,1972.87370945,1283.30511472
Senegal,SEN,1995,2011.24432147,1024.69127833
Senegal,SEN,2000,2067.10560339,996.822525181
Senegal,SEN,2005,2334.59393992,984.961665168
Senegal,SEN,2006,2413.05294704,982.925559519
Senegal,SEN,2010,2645.78702912,959.307831216
Senegal,SEN,2016,3218.29072136,937.090246882
Serbia,SRB,1990,14241.6111069,1573.46651481
Serbia,SRB,1995,17856.5475023,2063.6948797
Serbia,SRB,2000,19627.4916257,2453.58683182
Serbia,SRB,2005,19920.5915324,2584.71720576
Serbia,SRB,2006,19572.4363121,2568.67863856
Serbia,SRB,2010,19133.634216,2485.11573658
Serbia,SRB,2016,17430.6348836,2222.54129952
Seychelles,SYC,1990,66.7413133364,9.75728429675
Seychelles,SYC,1995,76.0556531279,9.80540663792
Seychelles,SYC,2000,73.9308443442,10.5495049038
Seychelles,SYC,2005,72.7684344578,11.1560823146
Seychelles,SYC,2006,71.320500422,11.0715075202
Seychelles,SYC,2010,71.1517803213,11.2640912208
Seychelles,SYC,2016,75.0841222848,11.7892235789
Sierra Leone,SLE,1990,1814.86820441,951.652249952
Sierra Leone,SLE,1995,1596.27623922,807.13234647
Sierra Leone,SLE,2000,1646.86892387,671.618320463
Sierra Leone,SLE,2005,2082.47802448,620.407703091
Sierra Leone,SLE,2006,2157.12827594,616.663051808
Sierra Leone,SLE,2010,2379.76929803,622.737480741
Sierra Leone,SLE,2016,2565.04490119,615.629582225
Singapore,SGP,1990,2294.52003448,376.196038803
Singapore,SGP,1995,2217.36338633,374.127771749
Singapore,SGP,2000,2029.28560968,336.179786559
Singapore,SGP,2005,1977.96009733,342.807863035
Singapore,SGP,2006,2022.90147284,354.833450911
Singapore,SGP,2010,1855.01637315,354.5251828
Singapore,SGP,2016,1948.9790392,383.240278111
Slovakia,SVK,1990,9495.3381138,1585.29596113
Slovakia,SVK,1995,8259.26176026,1402.79865508
Slovakia,SVK,2000,7716.85416893,1341.00145809
Slovakia,SVK,2005,7355.75944068,1296.88999588
Slovakia,SVK,2006,7332.52332959,1285.82681885
Slovakia,SVK,2010,7158.80180356,1245.754673
Slovakia,SVK,2016,7036.29280371,1212.00082757
Slovenia,SVN,1990,3077.96726877,395.825901478
Slovenia,SVN,1995,3090.59430489,380.891416089
Slovenia,SVN,2000,2991.6238967,337.176843508
Slovenia,SVN,2005,2811.60500844,289.627977133
Slovenia,SVN,2006,2754.2119778,278.979729092
Slovenia,SVN,2010,2562.95822588,267.004143315
Slovenia,SVN,2016,2391.19637167,281.210127486
Solomon Islands,SLB,1990,361.410661627,51.7360947169
Solomon Islands,SLB,1995,391.865109117,55.3082558453
Solomon Islands,SLB,2000,439.09395687,66.1277550193
Solomon Islands,SLB,2005,534.781308975,84.4728077406
Solomon Islands,SLB,2006,557.804090197,89.5613423898
Solomon Islands,SLB,2010,638.858077709,108.377499618
Solomon Islands,SLB,2016,697.128294562,119.388063307
Somalia,SOM,1990,2460.54696567,1124.22285939
Somalia,SOM,1995,2410.25769351,1134.73866959
Somalia,SOM,2000,2587.38243605,1059.3870895
Somalia,SOM,2005,2692.72987354,961.090365632
Somalia,SOM,2006,2701.1358792,954.677261154
Somalia,SOM,2010,2702.64721349,1042.5079181
Somalia,SOM,2016,2843.9057471,1018.60881849
South Africa,ZAF,1990,30047.6194208,5936.49326955
South Africa,ZAF,1995,33483.8597556,5458.40067581
South Africa,ZAF,2000,46913.1538003,7207.92754308
South Africa,ZAF,2005,43187.8744763,7660.75617343
South Africa,ZAF,2006,43112.4694825,7770.44757094
South Africa,ZAF,2010,40577.8455676,7152.79925789
South Africa,ZAF,2016,36658.4364421,6244.45169213
South Asia,,1990,640314.19316,226738.012223
South Asia,,1995,714868.12487,223077.027311
South Asia,,2000,796603.689076,216760.862794
South Asia,,2005,864501.37445,200567.548752
South Asia,,2006,880472.44324,205302.231807
South Asia,,2010,962439.068492,232741.795523
South Asia,,2016,1021541.30898,253090.256045
South Korea,KOR,1990,37649.2878597,5384.74320626
South Korea,KOR,1995,39064.3016427,4842.51688952
South Korea,KOR,2000,42194.2125163,4229.33654415
South Korea,KOR,2005,40284.4577461,3391.63362958
South Korea,KOR,2006,39366.2120051,3307.56398837
South Korea,KOR,2010,38195.4864002,3251.20762356
South Korea,KOR,2016,43601.2300222,3693.39144442
South Sudan,SSD,1990,1106.72537498,462.401491666
South Sudan,SSD,1995,1197.36020501,514.025828428
South Sudan,SSD,2000,1476.66358356,603.260357004
South Sudan,SSD,2005,1678.57071268,673.119838298
South Sudan,SSD,2006,1767.92635433,709.750490796
South Sudan,SSD,2010,1998.39500189,724.844224245
South Sudan,SSD,2016,2498.97557117,748.699587568
Southeast Asia,,1990,374138.804203,73482.7569958
Southeast Asia,,1995,428947.786191,72807.6314179
Southeast Asia,,2000,481313.121163,75252.3573271
Southeast Asia,,2005,532172.140136,77891.2842381
Southeast Asia,,2006,541008.138776,77865.2988534
Southeast Asia,,2010,566648.430393,77285.5184988
Southeast Asia,,2016,617630.740292,78443.2882432
Southern Latin America,,1990,53846.0335271,6721.37644274
Southern Latin America,,1995,54396.2982545,6724.62012647
Southern Latin America,,2000,55746.6690735,6781.30777784
Southern Latin America,,2005,56630.8162722,6643.10590026
Southern Latin America,,2006,56581.6658873,6589.94309664
Southern Latin America,,2010,58016.3757832,6733.68988863
Southern Latin America,,2016,59334.5894251,6806.85789318
Southern Sub-Saharan Africa,,1990,37119.8275617,7521.64705471
Southern Sub-Saharan Africa,,1995,40907.8089087,7148.76602222
Southern Sub-Saharan Africa,,2000,58182.2628599,9353.25595033
Southern Sub-Saharan Africa,,2005,56772.3547197,9919.2017131
Southern Sub-Saharan Africa,,2006,56734.6149001,10007.5825759
Southern Sub-Saharan Africa,,2010,53989.2872451,9369.05669747
Southern Sub-Saharan Africa,,2016,49010.9247617,8199.92122921
Spain,ESP,1990,51127.4122526,6859.80883905
Spain,ESP,1995,52786.3799383,6104.8920334
Spain,ESP,2000,54571.7439122,5602.26145604
Spain,ESP,2005,56333.6805136,5104.33900735
Spain,ESP,2006,55686.0607652,4925.97497691
Spain,ESP,2010,55002.781861,4454.49363383
Spain,ESP,2016,53551.7247123,4402.61142756
Sri Lanka,LKA,1990,7958.06531324,1894.18960967
Sri Lanka,LKA,1995,8645.60761559,1928.18940982
Sri Lanka,LKA,2000,9721.9703797,2112.70243622
Sri Lanka,LKA,2005,10047.9585141,2276.77429798
Sri Lanka,LKA,2006,10185.5651436,2359.69486375
Sri Lanka,LKA,2010,10026.6178711,2515.02899948
Sri Lanka,LKA,2016,9746.97396558,2473.52194187
Sub-Saharan Africa,,1990,146262.752744,52373.2278267
Sub-Saharan Africa,,1995,162249.57512,53269.357673
Sub-Saharan Africa,,2000,189811.513873,56620.8075943
Sub-Saharan Africa,,2005,191177.619234,54901.9566335
Sub-Saharan Africa,,2006,193055.821304,54521.5688735
Sub-Saharan Africa,,2010,201277.675504,52221.4519841
Sub-Saharan Africa,,2016,215310.13984,47784.1306532
Sudan,SDN,1990,7080.33843729,632.444943607
Sudan,SDN,1995,8691.81720513,490.689387787
Sudan,SDN,2000,9668.78152171,539.584155137
Sudan,SDN,2005,10546.6944688,617.715224809
Sudan,SDN,2006,10668.5114954,645.79593568
Sudan,SDN,2010,10805.2389926,748.227631699
Sudan,SDN,2016,12435.3158688,616.849286051
Suriname,SUR,1990,177.530165241,45.4446759033
Suriname,SUR,1995,201.983720657,48.2686857412
Suriname,SUR,2000,241.065694169,57.0942828146
Suriname,SUR,2005,281.166172372,64.4376526907
Suriname,SUR,2006,286.921087967,65.8732735253
Suriname,SUR,2010,310.854010972,68.7336480866
Suriname,SUR,2016,359.364890723,72.4851809474
Swaziland,SWZ,1990,408.238242771,65.2731073837
Swaziland,SWZ,1995,427.169291342,63.31378421
Swaziland,SWZ,2000,626.890108964,97.6784366885
Swaziland,SWZ,2005,733.686953212,109.2229083
Swaziland,SWZ,2006,731.256595979,106.128510286
Swaziland,SWZ,2010,722.659762054,97.1432917698
Swaziland,SWZ,2016,651.556743406,86.5255055537
Sweden,SWE,1990,11428.0620475,904.697953363
Sweden,SWE,1995,10529.1252757,774.900326967
Sweden,SWE,2000,10587.3675177,633.256592587
Sweden,SWE,2005,10619.9266585,531.861102072
Sweden,SWE,2006,10452.1885387,515.927602034
Sweden,SWE,2010,9958.4793011,460.912597694
Sweden,SWE,2016,10136.6733756,449.617035003
Switzerland,CHE,1990,8612.42252306,568.390515393
Switzerland,CHE,1995,8672.30942707,531.123936224
Switzerland,CHE,2000,8538.93992512,442.242697447
Switzerland,CHE,2005,8129.1933518,371.636048627
Switzerland,CHE,2006,8102.81875566,362.602188978
Switzerland,CHE,2010,8215.72630039,333.848042842
Switzerland,CHE,2016,8289.82591318,334.224766636
Syria,SYR,1990,5467.17684556,1199.65500458
Syria,SYR,1995,6318.15033951,1265.35609927
Syria,SYR,2000,7516.87640564,1329.18794288
Syria,SYR,2005,7918.92685561,1312.88164598
Syria,SYR,2006,7979.43683768,1327.17872083
Syria,SYR,2010,8689.53373707,1316.00192091
Syria,SYR,2016,8403.92323774,1239.95128171
Taiwan,TWN,1990,17978.7550234,2249.73697919
Taiwan,TWN,1995,21851.6294631,2440.10265975
Taiwan,TWN,2000,24395.8621408,2567.81722988
Taiwan,TWN,2005,26738.5176482,2410.55427629
Taiwan,TWN,2006,26888.030392,2354.71188618
Taiwan,TWN,2010,28225.7276151,2436.8746846
Taiwan,TWN,2016,30533.4985215,2968.6614752
Tajikistan,TJK,1990,2184.95096852,2830.46340338
Tajikistan,TJK,1995,1756.96945156,2066.92781054
Tajikistan,TJK,2000,1348.13662856,1149.65023895
Tajikistan,TJK,2005,1216.61705685,763.696889581
Tajikistan,TJK,2006,1155.08893954,708.048085703
Tajikistan,TJK,2010,1099.50605539,639.891547244
Tajikistan,TJK,2016,1075.94366202,656.1198982
Tanzania,TZA,1990,6117.45770314,5452.89838721
Tanzania,TZA,1995,7297.89689237,5607.85324045
Tanzania,TZA,2000,8299.7920871,4941.76944295
Tanzania,TZA,2005,9568.76805498,4201.48508662
Tanzania,TZA,2006,9848.59085949,4251.74656196
Tanzania,TZA,2010,11289.7439608,4268.5104096
Tanzania,TZA,2016,13195.60476,4108.68962358
Thailand,THA,1990,51459.9218231,5447.61107305
Thailand,THA,1995,59388.604924,5375.39707085
Thailand,THA,2000,66450.7611073,5589.67808564
Thailand,THA,2005,68120.2304274,6282.82336593
Thailand,THA,2006,68700.9624556,6393.48222724
Thailand,THA,2010,66717.1780378,5938.17737353
Thailand,THA,2016,75428.6759985,6495.20865787
Timor,TLS,1990,350.313384225,177.072021519
Timor,TLS,1995,401.176696151,148.558928717
Timor,TLS,2000,371.692673167,106.117574697
Timor,TLS,2005,454.633869798,99.3101007143
Timor,TLS,2006,462.777526355,100.534931201
Timor,TLS,2010,560.44526663,110.079394643
Timor,TLS,2016,646.32022392,100.681672013
Togo,TGO,1990,1047.69866676,379.165337485
Togo,TGO,1995,1216.8383337,414.858523661
Togo,TGO,2000,1403.1522489,432.10969375
Togo,TGO,2005,1566.36952793,397.524133821
Togo,TGO,2006,1594.77813517,379.462314819
Togo,TGO,2010,1825.22749683,331.931077321
Togo,TGO,2016,2079.95916268,284.995439304
Tonga,TON,1990,99.1833774494,13.5251540954
Tonga,TON,1995,112.86802664,13.9010432246
Tonga,TON,2000,115.556575972,15.0719017391
Tonga,TON,2005,115.355104886,16.2341372539
Tonga,TON,2006,113.947534247,16.3350565202
Tonga,TON,2010,115.030574239,17.3345522672
Tonga,TON,2016,115.075168915,18.1630850799
Trinidad and Tobago,TTO,1990,744.213148457,203.324251059
Trinidad and Tobago,TTO,1995,758.661486614,205.266062637
Trinidad and Tobago,TTO,2000,757.692761132,203.583213891
Trinidad and Tobago,TTO,2005,692.415693771,190.199171119
Trinidad and Tobago,TTO,2006,688.765638296,186.967580263
Trinidad and Tobago,TTO,2010,718.101794186,181.222049905
Trinidad and Tobago,TTO,2016,811.332254334,202.894355366
Tropical Latin America,,1990,116702.686329,20270.6131413
Tropical Latin America,,1995,126561.885231,19777.0219965
Tropical Latin America,,2000,130401.238103,18025.9499566
Tropical Latin America,,2005,131145.039256,16977.9141648
Tropical Latin America,,2006,131320.646393,16782.2577442
Tropical Latin America,,2010,131585.270119,16739.9405085
Tropical Latin America,,2016,135337.926413,22818.0599497
Tunisia,TUN,1990,5692.29478462,1356.9626008
Tunisia,TUN,1995,6703.32520304,1383.94526895
Tunisia,TUN,2000,6676.44368196,1337.27101838
Tunisia,TUN,2005,7341.65537526,1280.09262476
Tunisia,TUN,2006,7549.078001,1255.10281216
Tunisia,TUN,2010,8233.59749871,1226.93809901
Tunisia,TUN,2016,9854.85556493,1387.12189445
Turkey,TUR,1990,53001.7452739,13666.5977029
Turkey,TUR,1995,60153.5515781,12900.3305484
Turkey,TUR,2000,57373.0741773,10116.5111128
Turkey,TUR,2005,54016.6282349,7778.49576561
Turkey,TUR,2006,53012.9964608,7417.60894494
Turkey,TUR,2010,54312.2781654,7148.29283673
Turkey,TUR,2016,58631.4523018,7940.91820878
Turkmenistan,TKM,1990,1867.14491619,1822.61710698
Turkmenistan,TKM,1995,2162.03222138,1654.7265825
Turkmenistan,TKM,2000,2191.10387123,1393.29125457
Turkmenistan,TKM,2005,2105.92087029,1137.04307151
Turkmenistan,TKM,2006,2082.38306676,1100.61340795
Turkmenistan,TKM,2010,2013.91067313,998.58744036
Turkmenistan,TKM,2016,2039.18449542,1008.80495844
Uganda,UGA,1990,4669.6035807,1230.1765633
Uganda,UGA,1995,5538.38263671,1475.78202725
Uganda,UGA,2000,6278.67634823,1709.26405584
Uganda,UGA,2005,7338.11346887,1922.62022501
Uganda,UGA,2006,7598.80246211,1919.12819482
Uganda,UGA,2010,7953.1926195,1656.57393639
Uganda,UGA,2016,9132.0414091,1313.51251072
Ukraine,UKR,1990,112808.442375,15847.9826818
Ukraine,UKR,1995,144317.172143,17236.1401991
Ukraine,UKR,2000,122777.24881,16555.877942
Ukraine,UKR,2005,123642.101091,17224.9207122
Ukraine,UKR,2006,117087.259336,16232.0788615
Ukraine,UKR,2010,96165.3449069,13964.1224634
Ukraine,UKR,2016,84874.6174869,12768.162157
United Arab Emirates,ARE,1990,393.627968333,99.987695361
United Arab Emirates,ARE,1995,514.4093201,126.573894742
United Arab Emirates,ARE,2000,605.482718569,143.676730997
United Arab Emirates,ARE,2005,792.497814836,170.281693314
United Arab Emirates,ARE,2006,890.411500981,182.573641344
United Arab Emirates,ARE,2010,1640.79447822,274.260666796
United Arab Emirates,ARE,2016,2599.68810065,455.873756836
United Kingdom,GBR,1990,146733.156904,8366.48245885
United Kingdom,GBR,1995,134116.797958,7548.41831662
United Kingdom,GBR,2000,121347.588743,5719.06765152
United Kingdom,GBR,2005,113506.378736,4442.80577169
United Kingdom,GBR,2006,111051.210497,4284.27222945
United Kingdom,GBR,2010,106171.817389,3834.42511471
United Kingdom,GBR,2016,111254.489463,4012.8030794
United States,USA,1990,426674.381077,19472.235383
United States,USA,1995,442369.884427,19011.0048509
United States,USA,2000,456516.219517,17878.3839744
United States,USA,2005,459228.237696,15537.2404131
United States,USA,2006,453193.055724,15178.6485157
United States,USA,2010,440940.888401,14289.7127348
United States,USA,2016,479696.142039,15628.4896947
United States Virgin Islands,VIR,1990,51.140807251,7.05945420037
United States Virgin Islands,VIR,1995,61.5531599791,8.34809349565
United States Virgin Islands,VIR,2000,72.82638171,8.57012983216
United States Virgin Islands,VIR,2005,81.1487286487,9.52591246585
United States Virgin Islands,VIR,2006,83.2902832498,10.1384285828
United States Virgin Islands,VIR,2010,89.4286019196,12.0223022529
United States Virgin Islands,VIR,2016,94.3529158257,13.6426712381
Uruguay,URY,1990,5264.87292023,587.238334303
Uruguay,URY,1995,5428.64497648,574.627613087
Uruguay,URY,2000,5211.41032722,484.544619854
Uruguay,URY,2005,5049.81908507,425.402881749
Uruguay,URY,2006,4993.9265747,415.774226742
Uruguay,URY,2010,4949.03713158,388.38247668
Uruguay,URY,2016,4815.3767628,362.301382071
Uzbekistan,UZB,1990,9861.76771395,2617.44761194
Uzbekistan,UZB,1995,12846.5575939,3976.54761412
Uzbekistan,UZB,2000,14312.8872955,4704.23380456
Uzbekistan,UZB,2005,15707.9310739,5462.65860741
Uzbekistan,UZB,2006,15413.8307184,5375.17111838
Uzbekistan,UZB,2010,14328.8264588,4963.67581246
Uzbekistan,UZB,2016,14431.9443266,4566.55501861
Vanuatu,VUT,1990,172.238211827,18.7016044977
Vanuatu,VUT,1995,195.251940521,22.5311745788
Vanuatu,VUT,2000,205.931548244,26.4022899776
Vanuatu,VUT,2005,216.00359128,31.3711779503
Vanuatu,VUT,2006,215.144189617,32.682220973
Vanuatu,VUT,2010,220.308876684,39.9904675875
Vanuatu,VUT,2016,257.583622027,48.3153678318
Venezuela,VEN,1990,8886.02385896,1520.37365447
Venezuela,VEN,1995,9712.52460202,1534.11208249
Venezuela,VEN,2000,10568.576367,1555.70704825
Venezuela,VEN,2005,11709.2691899,1612.20355093
Venezuela,VEN,2006,12416.3249968,1672.38169606
Venezuela,VEN,2010,13646.169303,1912.64533312
Venezuela,VEN,2016,15270.4216106,2343.18210023
Vietnam,VNM,1990,79415.5112207,8113.9429483
Vietnam,VNM,1995,94700.9649395,8857.72859792
Vietnam,VNM,2000,104565.368604,10398.4522539
Vietnam,VNM,2005,110884.648317,10810.8631431
Vietnam,VNM,2006,112223.053828,10777.8607627
Vietnam,VNM,2010,114001.006585,10787.6101547
Vietnam,VNM,2016,124044.169728,11051.0219975
Wales,,1990,8253.78436214,468.392391544
Wales,,1995,7527.89605327,400.315397444
Wales,,2000,6639.85032892,310.261400371
Wales,,2005,6064.71341637,238.949968604
Wales,,2006,5926.87693991,232.939495626
Wales,,2010,5731.05043616,228.844083158
Wales,,2016,6058.8022262,249.139824029
Western Europe,,1990,652217.563415,45252.9745069
Western Europe,,1995,631559.339448,40710.6341044
Western Europe,,2000,605124.694414,35492.4039795
Western Europe,,2005,586475.76246,30793.1726444
Western Europe,,2006,583634.195568,29934.5523013
Western Europe,,2010,584172.300984,27704.4479219
Western Europe,,2016,588970.777327,28102.1038138
Western Sub-Saharan Africa,,1990,43296.4720294,16892.273666
Western Sub-Saharan Africa,,1995,47964.4087318,17537.5191019
Western Sub-Saharan Africa,,2000,52405.822746,18988.0725125
Western Sub-Saharan Africa,,2005,50054.5028992,18690.0762388
Western Sub-Saharan Africa,,2006,50058.3401696,18485.2740453
Western Sub-Saharan Africa,,2010,51514.1643469,17700.6853853
Western Sub-Saharan Africa,,2016,56539.1203176,16838.9736166
World,OWID_WRL,1990,5069964.24112,946041.661338
World,OWID_WRL,1995,5638455.98938,939680.751038
World,OWID_WRL,2000,5944432.09181,896958.572229
World,OWID_WRL,2005,6162624.02877,857421.562901
World,OWID_WRL,2006,6081953.68607,848702.265582
World,OWID_WRL,2010,6171668.24462,859432.975053
World,OWID_WRL,2016,6321097.95638,883930.780003
Yemen,YEM,1990,6237.61269417,2405.77906963
Yemen,YEM,1995,9212.49773551,2664.30839615
Yemen,YEM,2000,9952.4551767,2785.34206463
Yemen,YEM,2005,10333.5356988,2820.2229195
Yemen,YEM,2006,10311.6816605,2721.20894119
Yemen,YEM,2010,10045.1348597,2523.41336868
Yemen,YEM,2016,12267.4026103,2585.59821347
Zambia,ZMB,1990,1808.35892596,1699.21205279
Zambia,ZMB,1995,2972.93536926,1654.92149432
Zambia,ZMB,2000,4424.72818136,1403.10620467
Zambia,ZMB,2005,5849.36760651,1177.9732206
Zambia,ZMB,2006,6068.16316358,1173.07268805
Zambia,ZMB,2010,6915.59806013,1146.72812188
Zambia,ZMB,2016,7087.24040257,880.434334734
Zimbabwe,ZWE,1990,4270.75705769,859.705871884
Zimbabwe,ZWE,1995,4021.60192084,909.942073265
Zimbabwe,ZWE,2000,6527.62491722,1123.56203041
Zimbabwe,ZWE,2005,8358.07255849,1163.15039822
Zimbabwe,ZWE,2006,8393.00762873,1161.10713359
Zimbabwe,ZWE,2010,8369.38491069,1196.19711917
Zimbabwe,ZWE,2016,7359.65459006,1037.20529708